-- phpMyAdmin SQL Dump
-- version 4.7.7
-- https://www.phpmyadmin.net/
--
-- Hôte : 127.0.0.1
-- Généré le :  sam. 06 oct. 2018 à 10:31
-- Version du serveur :  10.1.30-MariaDB
-- Version de PHP :  7.2.2

SET SQL_MODE = "NO_AUTO_VALUE_ON_ZERO";
SET AUTOCOMMIT = 0;
START TRANSACTION;
SET time_zone = "+00:00";


/*!40101 SET @OLD_CHARACTER_SET_CLIENT=@@CHARACTER_SET_CLIENT */;
/*!40101 SET @OLD_CHARACTER_SET_RESULTS=@@CHARACTER_SET_RESULTS */;
/*!40101 SET @OLD_COLLATION_CONNECTION=@@COLLATION_CONNECTION */;
/*!40101 SET NAMES utf8mb4 */;

--
-- Base de données :  `filmorama`
--

-- --------------------------------------------------------

--
-- Structure de la table `annees_sortie`
--

CREATE TABLE `annees_sortie` (
  `id` int(3) DEFAULT NULL,
  `annee` int(4) DEFAULT NULL
) ENGINE=InnoDB DEFAULT CHARSET=utf8;

--
-- Déchargement des données de la table `annees_sortie`
--

INSERT INTO `annees_sortie` (`id`, `annee`) VALUES
(1, 1895),
(2, 1896),
(3, 1897),
(4, 1898),
(5, 1899),
(6, 1900),
(7, 1901),
(8, 1902),
(9, 1903),
(10, 1904),
(11, 1905),
(12, 1906),
(13, 1907),
(14, 1908),
(15, 1909),
(16, 1910),
(17, 1911),
(18, 1912),
(19, 1913),
(20, 1914),
(21, 1915),
(22, 1916),
(23, 1917),
(24, 1918),
(25, 1919),
(26, 1920),
(27, 1921),
(28, 1922),
(29, 1923),
(30, 1924),
(31, 1925),
(32, 1926),
(33, 1927),
(34, 1928),
(35, 1929),
(36, 1930),
(37, 1931),
(38, 1932),
(39, 1933),
(40, 1934),
(41, 1935),
(42, 1936),
(43, 1937),
(44, 1938),
(45, 1939),
(46, 1940),
(47, 1941),
(48, 1942),
(49, 1943),
(50, 1944),
(51, 1945),
(52, 1946),
(53, 1947),
(54, 1948),
(55, 1949),
(56, 1950),
(57, 1951),
(58, 1952),
(59, 1953),
(60, 1954),
(61, 1955),
(62, 1956),
(63, 1957),
(64, 1958),
(65, 1959),
(66, 1960),
(67, 1961),
(68, 1962),
(69, 1963),
(70, 1964),
(71, 1965),
(72, 1966),
(73, 1967),
(74, 1968),
(75, 1969),
(76, 1970),
(77, 1971),
(78, 1972),
(79, 1973),
(80, 1974),
(81, 1975),
(82, 1976),
(83, 1977),
(84, 1978),
(85, 1979),
(86, 1980),
(87, 1981),
(88, 1982),
(89, 1983),
(90, 1984),
(91, 1985),
(92, 1986),
(93, 1987),
(94, 1988),
(95, 1989),
(96, 1990),
(97, 1991),
(98, 1992),
(99, 1993),
(100, 1994),
(101, 1995),
(102, 1996),
(103, 1997),
(104, 1998),
(105, 1999),
(106, 2000),
(107, 2001),
(108, 2002),
(109, 2003),
(110, 2004),
(111, 2005),
(112, 2006),
(113, 2007),
(114, 2008),
(115, 2009),
(116, 2010),
(117, 2011),
(118, 2012),
(119, 2013),
(120, 2014),
(121, 2015),
(122, 2016),
(123, 2017),
(124, 2018),
(125, 2019),
(126, 2020),
(127, 2021),
(128, 2022),
(129, 2023),
(130, 2024);

-- --------------------------------------------------------

--
-- Structure de la table `films`
--

CREATE TABLE `films` (
  `id` int(2) NOT NULL,
  `titre` varchar(255) DEFAULT NULL,
  `description` varchar(970) DEFAULT NULL,
  `annee_id` int(2) DEFAULT NULL,
  `affiche` varchar(255) NOT NULL
) ENGINE=InnoDB DEFAULT CHARSET=utf8;

--
-- Déchargement des données de la table `films`
--

INSERT INTO `films` (`id`, `titre`, `description`, `annee_id`, `affiche`) VALUES
(1, 'Taxi 5', 'Sylvain Marot, super flic parisien et pilote d’exception, est muté contre son gré à la Police Municipale de Marseille. L’ex-commissaire Gibert, devenu Maire de la ville et au plus bas dans les sondages, va alors lui confier la mission de stopper le redoutable « Gang des Italiens », qui écume des bijouteries à l’aide de puissantes Ferrari. Mais pour y parvenir, Marot n’aura pas d’autre choix que de collaborer avec le petit-neveu du célèbre Daniel, Eddy Maklouf, le pire chauffeur VTC de Marseille, mais le seul à pouvoir récupérer le légendaire TAXI blanc.', 124, 'assets/medias/posters/taxi5.jpg'),
(2, 'Forrest Gump', 'Quelques décennies d\'histoire américaine, des années 1940 à la fin du XXème siècle, à travers le regard et l\'étrange odyssée d\'un homme simple et pur, Forrest Gump.', 100, 'assets/medias/posters/forrest_gump.jpg'),
(3, 'Django Unchained ', 'Dans le sud des États-Unis, deux ans avant la guerre de Sécession, le Dr King Schultz, un chasseur de primes allemand, fait l’acquisition de Django, un esclave qui peut l’aider à traquer les frères Brittle, les meurtriers qu’il recherche. Schultz promet à Django de lui rendre sa liberté lorsqu’il aura capturé les Brittle – morts ou vifs. Alors que les deux hommes pistent les dangereux criminels, Django n’oublie pas que son seul but est de retrouver Broomhilda, sa femme, dont il fut séparé à cause du commerce des esclaves…Lorsque Django et Schultz arrivent dans l’immense plantation du puissant Calvin Candie, ils éveillent les soupçons de Stephen, un esclave qui sert Candie et a toute sa confiance. Le moindre de leurs mouvements est désormais épié par une dangereuse organisation de plus en plus proche… Si Django et Schultz veulent espérer s’enfuir avec Broomhilda, ils vont devoir choisir entre l’indépendance et la solidarité, entre le sacrifice et la survie…', 119, 'assets/medias/posters/django_unchained.jpg'),
(4, 'Pulp Fiction', 'L\'odyssée sanglante et burlesque de petits malfrats dans la jungle de Hollywood à travers trois histoires qui s\'entremêlent.', 100, 'assets/medias/posters/pulp_fiction.jpg'),
(5, 'Interstellar', 'Le film raconte les aventures d’un groupe d’explorateurs qui utilisent une faille récemment découverte dans l’espace-temps afin de repousser les limites humaines et partir à la conquête des distances astronomiques dans un voyage interstellaire.', 120, 'assets/medias/posters/interstellar.jpg'),
(6, 'Le dîner de cons', 'Tous les mercredis, Pierre Brochant et ses amis organisent un dîner où chacun doit amener un con. Celui qui a trouvé le plus spectaculaire est declaré vainqueur. Ce soir, Brochant exulte, il est sur d\'avoir trouvé la perle rare, un con de classe mondiale: Francois Pignon, comptable au ministère des Finances et passionné de modèles réduits en allumettes. Ce qu\'il ignore c\'est que Pignon est passe maître dans l\'art de déclencher des catastrophes.', 104, 'assets/medias/posters/le_diner_de_cons.jpg'),
(7, 'Les tontons flingueurs', 'Propriétaire d\'une petite usine de tracteurs, Fernand Naudin mène une vie tranquille et sans histoire quand un télégramme l\'appelle à Paris. Il arrive à temps pour recueillir le dernier soupir d\'un ami de jeunesse, Louis dit « le Mexicain », qui lui confie ses affaires louches en même temps que la garde de sa fille Patricia. Et les ennuis commencent...', 69, 'assets/medias/posters/les_tontons_flingueurs.jpg'),
(8, 'Matrix', 'Programmeur anonyme dans un service administratif le jour, Thomas Anderson devient Neo la nuit venue. Sous ce pseudonyme, il est l\'un des pirates les plus recherchés du cyber-espace. A cheval entre deux mondes, Neo est assailli par d\'étranges songes et des messages cryptés provenant d\'un certain Morpheus. Celui-ci l\'exhorte à aller au-delà des apparences et à trouver la réponse à la question qui hante constamment ses pensées : qu\'est-ce que la Matrice ? Nul ne le sait, et aucun homme n\'est encore parvenu à en percer les defenses. Mais Morpheus est persuadé que Neo est l\'Elu, le libérateur mythique de l\'humanité annoncé selon la prophétie. Ensemble, ils se lancent dans une lutte sans retour contre la Matrice et ses terribles agents...', 105, 'assets/medias/posters/matrix.jpg'),
(9, 'Terminator 2 : Le jugement dernier', 'En 2029, après leur échec pour éliminer Sarah Connor, les robots de Skynet programment un nouveau Terminator, le T-1000, pour retourner dans le passé et éliminer son fils John Connor, futur leader de la résistance humaine. Ce dernier programme un autre cyborg, le T-800, et l\'envoie également en 1995, pour le protéger. Une seule question déterminera le sort de l\'humanité : laquelle des deux machines trouvera John la première ?', 97, 'assets/medias/posters/terminator2.jpg'),
(10, 'La liste de Schindler', 'Evocation des années de guerre d\'Oskar Schindler, industriel autrichien rentré à Cracovie en 1939 avec les troupes allemandes. Il va, tout au long de la guerre, protéger des juifs en les faisant travailler dans sa fabrique.', 100, 'assets/medias/posters/la_liste_de_schindler.jpg'),
(11, 'Le Château Ambulant', 'La jeune Sophie, âgée de 18 ans, travaille sans relâche dans la boutique de chapelier que tenait son père avant de mourir. Lors de l\'une de ses rares sorties en ville, elle fait la connaissance de Hauru le Magicien. Celui-ci est extrêmement séduisant, mais n\'a pas beaucoup de caractère... Se méprenant sur leur relation, une sorcière jette un épouvantable sort sur Sophie et la transforme en vieille femme de 90 ans. Accablée, Sophie s\'enfuit et erre dans les terres désolées. Par hasard, elle pénètre dans le Château Ambulant de Hauru et, cachant sa véritable identité, s\'y fait engager comme femme de ménage. Cette  vieille dame  aussi mystérieuse que dynamique va bientôt redonner une nouvelle vie à l\'ancienne demeure. Plus énergique que jamais, Sophie accomplit des miracles. Quel fabuleux destin l\'attend ? Et si son histoire avec Hauru n\'en était qu\'à son véritable commencement ?', 107, 'assets/medias/posters/le_chateau_ambulant.jpg'),
(12, 'De Rouille et d\'Os', 'Ali se retrouve avec Sam, 5 ans, sur les bras. C’est son fils, il le connaît à peine. Sans domicile, sans argent et sans amis, Ali trouve refuge chez sa sœur à Antibes. Là-bas, c’est tout de suite mieux, elle les héberge dans le garage de son pavillon, elle s’occupe du petit et il fait beau. A la suite d’une bagarre dans une boîte de nuit, son destin croise celui de Stéphanie. Il la ramène chez elle et lui laisse son téléphone. Il est pauvre, elle est belle et pleine d’assurance. C’est une princesse. Tout les oppose. Stéphanie est dresseuse d’orques au Marineland. Il faudra que le spectacle tourne au drame pour qu’un coup de téléphone dans la nuit les réunisse à nouveau. Quand Ali la retrouve, la princesse est tassée dans un fauteuil roulant : elle a perdu ses jambes et pas mal d’illusions. Il va l’aider simplement, sans compassion, sans pitié. Elle va revivre.', 118, 'assets/medias/posters/de_rouille_et_d_os.jpg'),
(13, 'Le Seigneur des Anneaux : la Communauté de l\'Anneau', 'Dans ce chapitre de la trilogie, le jeune et timide Hobbit, Frodon Sacquet, hérite d\'un anneau. Bien loin d\'être une simple babiole, il s\'agit de l\'Anneau Unique, un instrument de pouvoir absolu qui permettrait à Sauron, le Seigneur des ténèbres, de régner sur la Terre du Milieu et de réduire en esclavage ses peuples. À moins que Frodon, aidé d\'une Compagnie constituée de Hobbits, d\'Hommes, d\'un Magicien, d\'un Nain, et d\'un Elfe, ne parvienne à emporter l\'Anneau à travers la Terre du Milieu jusqu\'à la Crevasse du Destin, lieu où il a été forgé, et à le détruire pour toujours. Un tel périple signifie s\'aventurer très loin en Mordor, les terres du Seigneur des ténèbres, où est rassemblée son armée d\'Orques maléfiques... La Compagnie doit non seulement combattre les forces extérieures du mal mais aussi les dissensions internes et l\'influence corruptrice qu\'exerce l\'Anneau lui-même. L\'issue de l\'histoire à venir est intimement liée au sort de la Compagnie.', 107, 'assets/medias/posters/le_seigneur_des_anneaux_la_communaute_de_l_anneau.jpg'),
(14, 'La Ligne Verte', ' Paul Edgecomb, pensionnaire centenaire d\'une maison de retraite, est hanté par ses souvenirs. Gardien-chef du pénitencier de Cold Mountain en 1935, il était chargé de veiller au bon déroulement des exécutions capitales en s’efforçant d\'adoucir les derniers moments des condamnés. Parmi eux se trouvait un colosse du nom de John Coffey, accusé du viol et du meurtre de deux fillettes. Intrigué par cet homme candide et timide aux dons magiques, Edgecomb va tisser avec lui des liens très forts.', 106, 'assets/medias/posters/la_ligne_verte.jpg'),
(15, 'Gran Torino', ' Walt Kowalski est un ancien de la guerre de Corée, un homme inflexible, amer et pétri de préjugés surannés. Après des années de travail à la chaîne, il vit replié sur lui-même, occupant ses journées à bricoler, traînasser et siroter des bières. Avant de mourir, sa femme exprima le voeu qu\'il aille à confesse, mais Walt n\'a rien à avouer, ni personne à qui parler. Hormis sa chienne Daisy, il ne fait confiance qu\'à son M-1, toujours propre, toujours prêt à l\'usage...', 115, 'assets/medias/posters/gran_torino.jpg'),
(16, 'Dead Man', 'Dans la deuxième moitié du XIXe siècle, Bill Blake, jeune comptable en route pour le confins de l\'Ouest américain, entreprend un voyage initiatique où il devient malgré lui un hors-la-loi traqué. Blessé, il est recueilli par Nobody, un Amérindien lettré rejeté des siens, qui l\'identifie d\'emblée à son homonyme défunt, le poète anglais William Blake, et décide de sauver son âme.', 102, 'assets/medias/posters/dead_man.jpg'),
(17, 'Heavenly Creatures', 'L\'amitié irrépressible et passionnée de deux jeunes filles, que rien ne pourra altérer. Pas même leur entourage, inquiet de leur relation qui les coupe du monde...', 102, 'assets/medias/posters/heavenly_creatures.jpg'),
(18, 'Chungkin Express', 'L\'histoire de deux flics laches par leur petite amie. Le matricule 223 qui se promet de tomber amoureux de la premiere femme qui entrera dans un bar a Chungking House ou il noie son chagrin. Le matricule 663, qui chaque soir passe au Midnight Express, un fast-food du quartier de Lan Kwai Fong, acheter a la jolie Faye une Chef Salad qu\'il destine a sa belle, une hotesse de l\'air.', 100, 'assets/medias/posters/chungking_express.jpg'),
(19, 'Sunrise: A Song of Two Humans', 'Un pêcheur s\'éprend d\'une citadine aux allures de vamp. Sous l\'influence de celle-ci, il décide de noyer son épouse, mais change d\'avis une fois sur la barque. Effrayée, la femme fuit en ville. Elle est bientôt rejointe par son mari, désireux de se faire pardonner.', 34, 'assets/medias/posters/sunrise_a_song_of_two_humans.jpg'),
(20, 'Le Roi Et l\'Oiseau', 'Le Roi Charles V et Trois font Huit et Huit font Seize règne en tyran sur le royaume de Takicardie. Seul un Oiseau, enjoué et bavard, qui a construit son nid en haut du gigantesque palais, tout près des appartements secrets de Sa Majesté, ose le narguer. Le Roi est amoureux d’une charmante et modeste Bergère qu’il veut épouser sous la contrainte. Mais celle-ci aime un petit Ramoneur. Tous deux s’enfuient pour échapper au Roi...', 86, 'assets/medias/posters/le_roi_et_l_oiseau.jpg');

-- --------------------------------------------------------

--
-- Structure de la table `fonction`
--

CREATE TABLE `fonction` (
  `id` int(11) NOT NULL,
  `fonction` varchar(255) NOT NULL
) ENGINE=InnoDB DEFAULT CHARSET=utf8;

--
-- Déchargement des données de la table `fonction`
--

INSERT INTO `fonction` (`id`, `fonction`) VALUES
(1, 'realisateur'),
(2, 'acteur');

-- --------------------------------------------------------

--
-- Structure de la table `genres`
--

CREATE TABLE `genres` (
  `id` int(2) NOT NULL,
  `genre` varchar(255) DEFAULT NULL
) ENGINE=InnoDB DEFAULT CHARSET=utf8;

--
-- Déchargement des données de la table `genres`
--

INSERT INTO `genres` (`id`, `genre`) VALUES
(1, 'Action'),
(2, 'Animation'),
(3, 'Aventure'),
(4, 'Biographique'),
(5, 'Catastrophe'),
(6, 'Comédie'),
(7, 'Comédie Dramatique'),
(8, 'Comédie Musicale'),
(9, 'Comédie Policière'),
(10, 'Comédie Romantique'),
(11, 'Court Métrage'),
(12, 'Dessin Animé'),
(13, 'Documentaire'),
(14, 'Drame'),
(15, 'Drame Psychologique'),
(16, 'Epouvante'),
(17, 'Espionnage'),
(18, 'Fantastique'),
(19, 'Film Musical'),
(20, 'Guerre'),
(21, 'Historique'),
(22, 'Horreur'),
(23, 'Karaté'),
(24, 'Manga'),
(25, 'Mélodrame'),
(26, 'Muet'),
(27, 'Par Parties'),
(28, 'Péplum'),
(29, 'Policier'),
(30, 'Politique'),
(31, 'Programme'),
(32, 'Romance'),
(33, 'Science Fiction'),
(34, 'Sérial'),
(35, 'Spectacle'),
(36, 'Téléfilm'),
(37, 'Théâtre'),
(38, 'Thriller'),
(39, 'Western');

-- --------------------------------------------------------

--
-- Structure de la table `liaison_film_genre`
--

CREATE TABLE `liaison_film_genre` (
  `id` int(11) NOT NULL,
  `id_film` int(11) NOT NULL,
  `id_genre` int(11) NOT NULL
) ENGINE=InnoDB DEFAULT CHARSET=utf8;

--
-- Déchargement des données de la table `liaison_film_genre`
--

INSERT INTO `liaison_film_genre` (`id`, `id_film`, `id_genre`) VALUES
(1, 1, 1),
(2, 1, 6),
(3, 1, 29),
(4, 2, 7),
(5, 2, 32),
(6, 3, 1),
(7, 3, 39),
(8, 4, 29),
(9, 4, 38),
(10, 5, 14),
(11, 6, 6),
(12, 7, 6),
(13, 7, 29),
(14, 8, 1),
(15, 8, 33),
(16, 9, 1),
(17, 9, 33),
(18, 10, 14),
(19, 10, 20),
(20, 10, 21),
(21, 11, 2),
(22, 11, 18),
(23, 11, 32),
(24, 12, 14),
(25, 13, 1),
(26, 13, 3),
(27, 13, 18),
(28, 14, 14),
(29, 14, 18),
(30, 14, 29),
(31, 15, 14),
(32, 15, 38),
(33, 16, 14),
(34, 16, 18),
(35, 16, 39),
(36, 17, 4),
(37, 17, 14),
(38, 18, 14),
(39, 18, 32),
(40, 19, 14),
(41, 19, 26),
(42, 19, 32),
(43, 20, 2),
(44, 20, 14),
(45, 20, 32);

-- --------------------------------------------------------

--
-- Structure de la table `liaison_film_personne_fonction`
--

CREATE TABLE `liaison_film_personne_fonction` (
  `id` int(11) NOT NULL,
  `id_film` int(255) NOT NULL,
  `id_personne` int(255) NOT NULL,
  `id_fonction` int(255) NOT NULL
) ENGINE=InnoDB DEFAULT CHARSET=utf8;

--
-- Déchargement des données de la table `liaison_film_personne_fonction`
--

INSERT INTO `liaison_film_personne_fonction` (`id`, `id_film`, `id_personne`, `id_fonction`) VALUES
(1, 1, 19, 1),
(2, 1, 19, 2),
(3, 2, 22, 2),
(4, 1, 20, 2),
(5, 1, 21, 2),
(6, 2, 1, 1),
(7, 2, 23, 2),
(8, 2, 24, 2),
(9, 3, 3, 1),
(10, 3, 25, 2),
(11, 3, 26, 2),
(12, 3, 27, 2),
(13, 4, 3, 1),
(14, 4, 28, 2),
(15, 4, 29, 2),
(16, 4, 30, 2),
(17, 5, 4, 1),
(18, 5, 31, 2),
(19, 5, 32, 2),
(20, 5, 33, 2),
(21, 6, 5, 1),
(22, 6, 34, 2),
(23, 6, 35, 2),
(24, 6, 36, 2),
(25, 7, 6, 1),
(26, 7, 37, 2),
(27, 7, 38, 2),
(28, 7, 39, 2),
(29, 8, 2, 1),
(30, 8, 7, 1),
(31, 8, 40, 2),
(32, 8, 41, 2),
(33, 8, 42, 2),
(34, 9, 8, 1),
(35, 9, 43, 2),
(36, 9, 44, 2),
(37, 9, 45, 2),
(38, 10, 9, 1),
(39, 10, 46, 2),
(40, 10, 47, 2),
(41, 10, 48, 2),
(42, 11, 10, 1),
(43, 11, 49, 2),
(44, 11, 50, 2),
(45, 11, 51, 2),
(46, 12, 11, 1),
(47, 12, 52, 2),
(48, 12, 53, 2),
(49, 12, 54, 2),
(50, 13, 12, 1),
(51, 13, 55, 2),
(52, 13, 56, 2),
(53, 13, 57, 2),
(54, 14, 13, 1),
(55, 14, 22, 2),
(56, 14, 58, 2),
(57, 14, 59, 2),
(58, 15, 14, 1),
(59, 15, 14, 2),
(60, 15, 61, 2),
(61, 15, 62, 2),
(62, 16, 15, 1),
(63, 16, 63, 2),
(64, 16, 64, 2),
(65, 16, 65, 2),
(66, 17, 12, 1),
(67, 17, 66, 2),
(68, 17, 67, 2),
(69, 17, 68, 2),
(70, 18, 16, 1),
(71, 18, 69, 2),
(72, 18, 70, 2),
(73, 18, 71, 2),
(74, 19, 17, 1),
(75, 19, 72, 2),
(76, 19, 73, 2),
(77, 19, 74, 2),
(78, 20, 18, 1),
(79, 20, 75, 2),
(80, 20, 76, 2),
(81, 20, 60, 2);

-- --------------------------------------------------------

--
-- Structure de la table `liaison_personne_nationalite`
--

CREATE TABLE `liaison_personne_nationalite` (
  `id` int(255) NOT NULL,
  `id_personnes` int(255) NOT NULL,
  `id_nationalite` int(255) NOT NULL
) ENGINE=InnoDB DEFAULT CHARSET=latin1;

--
-- Déchargement des données de la table `liaison_personne_nationalite`
--

INSERT INTO `liaison_personne_nationalite` (`id`, `id_personnes`, `id_nationalite`) VALUES
(1, 1, 231),
(2, 2, 231),
(3, 3, 231),
(4, 4, 231),
(5, 4, 228),
(6, 5, 75),
(7, 6, 75),
(8, 7, 231),
(9, 8, 231),
(10, 9, 231),
(11, 10, 112),
(12, 11, 75),
(13, 12, 155),
(14, 13, 75),
(15, 14, 231),
(16, 15, 231),
(17, 16, 44),
(18, 17, 84),
(19, 18, 75),
(20, 19, 75),
(21, 20, 75),
(22, 21, 75),
(23, 22, 231),
(24, 23, 231),
(25, 24, 231),
(26, 25, 231),
(27, 26, 84),
(28, 26, 12),
(29, 27, 231),
(30, 28, 231),
(31, 29, 231),
(32, 30, 231),
(33, 31, 231),
(34, 32, 231),
(35, 33, 231),
(36, 34, 75),
(37, 35, 75),
(38, 36, 75),
(39, 37, 109),
(40, 38, 75),
(41, 39, 75),
(42, 40, 37),
(43, 42, 37),
(44, 43, 231),
(45, 44, 231),
(46, 45, 231),
(47, 46, 231),
(48, 46, 228),
(49, 47, 228),
(50, 48, 228),
(51, 48, 240),
(52, 49, 112),
(53, 50, 112),
(54, 51, 112),
(55, 52, 75),
(56, 53, 75),
(57, 53, 150),
(58, 54, 75),
(59, 54, 18),
(60, 55, 155),
(61, 56, 155),
(62, 57, 228),
(63, 58, 231),
(64, 59, 231),
(65, 60, 75),
(66, 61, 231),
(67, 62, 231),
(68, 63, 231),
(69, 64, 37),
(70, 65, 231),
(71, 66, 228),
(72, 67, 155),
(73, 68, 155),
(74, 69, 45),
(75, 70, 100),
(76, 71, 44),
(77, 72, 231),
(78, 73, 231),
(79, 74, 231),
(80, 75, 75),
(82, 40, 37),
(83, 42, 37),
(84, 43, 231),
(85, 44, 231),
(86, 45, 231),
(87, 46, 231),
(88, 46, 228),
(89, 47, 228),
(90, 48, 228),
(91, 48, 240),
(92, 49, 112),
(93, 50, 112),
(94, 51, 112),
(95, 52, 75),
(96, 53, 75),
(97, 53, 150),
(98, 54, 75),
(99, 54, 18),
(100, 55, 155),
(101, 56, 155),
(102, 57, 228),
(103, 58, 231),
(104, 59, 231),
(105, 60, 75),
(106, 61, 231),
(107, 62, 231),
(108, 63, 231),
(109, 64, 37),
(110, 65, 231),
(111, 66, 228),
(112, 67, 155),
(113, 68, 155),
(114, 69, 45),
(115, 70, 100),
(116, 71, 44),
(117, 72, 231),
(118, 73, 231),
(119, 74, 231),
(120, 75, 75);

-- --------------------------------------------------------

--
-- Structure de la table `personnes`
--

CREATE TABLE `personnes` (
  `id` int(2) NOT NULL,
  `nom_personne` varchar(255) DEFAULT NULL,
  `portrait` varchar(299) NOT NULL,
  `biographie` text NOT NULL,
  `birth_date` date NOT NULL,
  `death` date DEFAULT NULL
) ENGINE=InnoDB DEFAULT CHARSET=utf8;

--
-- Déchargement des données de la table `personnes`
--

INSERT INTO `personnes` (`id`, `nom_personne`, `portrait`, `biographie`, `birth_date`, `death`) VALUES
(1, 'Robert Zemeckis', 'assets/medias/personnes/Robert_Zemeckis.jpg', 'Robert Zemeckis étudie à l\'Université de l\'Illinois, puis obtient en 1973 une licence de cinéma à l\'USC. Au cours de ses études, ce natif de Chicago écrit, produit et réalise Field of honor, court métrage qui obtient l\'Oscar du Meilleur film d\'étudiant et décroche une quinzaine de récompenses un peu partout dans le monde. En 1978, grâce au soutien d\'un certain Steven Spielberg, avec lequel il a participé à l\'écriture de 1941 et qui deviendra l\'un de ses proches, Robert Zemeckis signe son premier long-métrage, la comédie Crazy day, évocation de la première tournée des Beatles. Il réalise ensuite La Grosse magouille, mais c\'est en 1984, avec le film d\'aventure A la poursuite du diamant vert, emmené par Michael Douglas, que le cinéaste connaît son premier grand succès public.', '1952-05-14', NULL),
(2, 'Lilly Wachowski', 'assets/medias/personnes/Lilly_Wachowski.jpg', 'Né d\'un père businessman et d\'une mère infirmière, Andy Wachowski abandonne rapidement ses études à la suite de son frère aîné Larry, pour se consacrer au cinéma. Après un premier scénario rejeté par Hollywood mais dans lesquels les producteurs décèlent déjà une qualité certaine, ceux que l\'on nomme alors les frères Wachowski couchent sur papier l\'histoire d\'Assassins (1995), duel à mort entre un tueur à gages vieillissant et son remplaçant, porté par Sylvester Stallone et Antonio Banderas. Si leur script est, à leur grand dam, largement retouché et sa noirceur atténuée, le tandem fait toutefois avec ce film son entrée dans le monde du cinéma et rencontre le prolifique Joel Silver, qui produit le métrage.', '1965-06-21', NULL),
(3, 'Quentin Tarantino', 'assets/medias/personnes/Quentin_Tarantino.jpg', 'Quentin Tarantino passe sa jeunesse dans une banlieue de Los Angeles où sa passion pour le cinéma le mène à travailler dans un vidéoclub. C\'est à cette période qu\'il décide de rédiger ses premiers scénarios, et qu\'il fait la connaissance de Roger Avary, avec lequel il écrira plus tard Pulp Fiction.  Quentin Tarantino vend les scripts de True romance et Tueurs nés (adaptés en 1993 et 1994) et se remet rapidement de la frustration de n\'avoir pu les réaliser lui-même en finançant, avec l\'argent récolté, son premier film, Reservoir Dogs. Il en écrit le scénario et le présente à Harvey Keitel qui s\'enthousiasme au point d\'y jouer gratuitement. Le film, rapidement culte, impose son auteur comme la nouvelle star du cinéma indépendant américain.', '1963-03-27', NULL),
(4, 'Christopher Nolan', 'assets/medias/personnes/Christopher_Nolan.jpg', 'Né d\'un père anglais et d\'une mère américaine, Christopher Nolan a commencé dès son plus jeune âge à réaliser des films avec la caméra 8mm de son père, et ce malgré son daltonisme. Son court métrage en 8mm, Tarantella, est diffusé aux États-Unis sur la chaîne PBS alors qu\'il est encore étudiant en lettres à l\'Université de Londres.  Au milieu des années 90, il tourne en 16 mm deux courts métrages, Larceny et Doodlebug, suivis de son premier long métrage à petit budget et en noir et blanc, Following (1998). Le succès de cette histoire de voyeurisme, dans différents festivals, permet à Christopher Nolan de réaliser, deux ans plus tard, Memento. Grâce à une construction ingénieuse (une succession de flash-backs), qui lui vaut d\'ailleurs une nomination aux Oscars, Memento devient culte dans le monde entier. Nolan est alors courtisé par les grands studios américains et, en 2002, il dirige Al Pacino et Robin Williams dans Insomnia, remake d\'Insomnia (1997) du Norvégien Erik Skjoldbjaerg. Le film est un succès critique et public. ', '1970-07-30', NULL),
(5, 'Francis Veber', 'assets/medias/personnes/Francis_Veber.jpg', 'Issu d\'une famille de lettrés, Francis Veber, petit-neveu de Tristan Bernard, se passionne pour l\'écriture et passe rapidement du journalisme à la rédaction de sketches, pièces de théâtre, nouvelles et romans. Logiquement, le cinéma l\'attire dès lors très vite.  Francis Veber officie longtemps comme scénariste et dialoguiste avant de se lancer dans la réalisation. Il signe notamment les scénarios du Grand Blond avec une chaussure noire (1972), emmené par Pierre Richard, de L\' Emmerdeur (1973, d\'après sa pièce Le Contrat), où Edouard Molinaro réunit Jacques Brel et Lino Ventura, et du Magnifique (id.), incarné par Jean-Paul Belmondo. Il travaille également à l\'adaptation de La Cage aux folles (1978) d\'après Jean Poiret, avec Michel Serrault et Ugo Tognazzi dans les rôles principaux. Il signera également le scénario de la version américaine.', '1937-07-28', NULL),
(6, 'Georges Lautner', 'assets/medias/personnes/Georges_Lautner.jpg', 'Fils de la comédienne Renée Saint-Cyr, Georges Lautner commence des études de droit avant de se lancer dans le cinéma. Il est assistant réalisateur sur de nombreux films entre 1949 et 1957, dont Horizons sans fin, de Jean Dréville ou Le Temps des oeufs durs et Courte tête de Norbert Carbonnaux. Il réalise son premier film, La Môme aux boutons, en 1958.  1960 marque sa première collaboration avec Bernard Blier, dans le film Marche ou crève, que le réalisateur considère comme son premier film. Ils se retrouveront ensuite sept fois, sur des films comme Le Septieme Jure, ou Le Monocle noir. Ce film est d\'ailleurs le premier d\'une trilogie autour du personnage du \"monocle\", Théobald Dromard, interprété par Paul Meurisse, suivi par L\'Oeil du monocle et Le Monocle rit jaune, dans lequel joue sa mère, Renée Saint-Cyr, pour la première fois dirigée par son fils. Mais on se souvient surtout de la collaboration Blier/Lautner pour l\'énorme succès de Les Tontons flingueurs, en 1963. ', '1926-01-24', NULL),
(7, 'Lana Wachowski', 'assets/medias/personnes/Lana_Wachowski.jpg', 'Né d\'un père businessman et d\'une mère infirmière, Laurence Wachowski - dit Larry, abandonne rapidement ses études, suivi par son frère cadet Andy, pour se consacrer au cinéma. Après un premier scénario rejeté par Hollywood mais dans lesquels les producteurs décèlent déjà une qualité certaine, les frères Wachowski couchent sur papier l\'histoire d\'Assassins (1995), duel à mort entre un tueur à gages vieillissant et son remplaçant, porté par Sylvester Stallone et Antonio Banderas. Si leur script est, à leur grand dam, largement retouché et sa noirceur atténuée, le tandem fait toutefois avec ce film son entrée dans le monde du cinéma et rencontre le prolifique Joel Silver, producteur du métrage.  Décidés à tourner leurs films comme ils l\'entendent, Larry et Andy Wachowski frappent un (premier) grand coup en 1996, avec le sulfureux Bound, thriller noir dont ils signent le scénario, la mise en scène et la production, bien reçu par le public et la critique. Forts de ce succès, les Wachowski Brothers - comme ils se font désormais appeler - reviennent vers Joel Silver avec un scénario qu\'ils développent depuis cinq ans, dans lequel ils ont insufflé leur passion de la philosophie, de la mythologie, des mangas, des films hong-kongais et du cinéma de science-fiction. A l\'été 1999, Matrix est à la fois un carton au box office (456 millions de dollars de recettes) et un succès sans précédent pour les studios Warner (avant la déferlante Harry Potter), mais également une révolution pour le cinéma d\'action et les effets spéciaux.', '1965-06-21', NULL),
(8, 'James Cameron', 'assets/medias/personnes/james_cameron.jpg', 'James Cameron débute sa carrière en tant que directeur artistique, maquettiste, et projectionniste d\'un film produit par Roger Corman, Les Mercenaires de l\'espace, en 1980. Il passe à la réalisation de son premier film qu\'en 1981 avec Piranha 2 - Les Tueurs volants. Cinéaste peu prolifique, il parvient tout de même à donner au cinéma de science-fiction ses lettres de noblesse à grands renforts d\'effets spéciaux révolutionnaires, et ce en seulement quatre films dont il rédige également les scripts : Terminator (1984), Aliens le retour (1986), Abyss (1989), et Terminator 2 (1991).  Trois ans après le second Terminator, il retrouve Arnold Schwarzenegger et signe l\'un des plus gros succès de l\'année 1994, avec le remake musclé de La Totale de Claude Zidi, True Lies. Entre temps, il produit Point Break (1991), et un autre film de science-fiction, Strange Days, deux longs métrages réalisés par Kathryn Bigelow.  Considéré comme le réalisateur le plus rentable de sa génération grâce au succès sans précédent de Titanic (1997), plus gros succès de l\'histoire du cinéma avec plus de 600 millions de dollars de recettes sur le seul sol américain et plus de 1,8 milliards de dollars de recettes internationales, Cameron profite de son aura pour se lancer dans des projets plus atypiques. En 2003, il retourne ainsi près de l\'épave du Titanic pour le documentaire Les Fantômes du Titanic tourné avec un système révolutionnaire de prise de vue en trois dimensions et présenté hors compétition au Festival de Cannes.', '1954-08-16', NULL),
(9, 'Steven Spielberg', 'assets/medias/personnes/Steven_Spielberg.jpg', 'Sans doute une des personnalités les plus emblématiques et influentes du Septième Art, Steven Spielberg se montre très précoce. Enfant, il réalise quelques petits films amateurs puis abandonne rapidement ses études pour tenter sa chance à Hollywood. Assistant monteur sur la série La Grande caravane en 1957, il apprend son métier sur le tas dans les années 60 en réalisant des courts-métrages (tel que Amblin\', dont il gardera d\'ailleurs l’appellation pour sa future maison de production) et même un long métrage (Firelight), puis travaille pour le petit écran, dirigeant notamment des épisodes de Les Règles du Jeu, Night Gallery et Columbo.  Son talent de mise en scène se révèle au grand jour en 1971 avec le téléfilm Duel, oppressante course-poursuite entre un employé de commerce et un camion fou, qui remporte le Grand Prix du Festival d\'Avoriaz. Le cinéaste réalise ensuite Sugarland express (1974), road-movie effréné et sanglant porté par Goldie Hawn. Prix du scénario à Cannes, ce drame confirme les belles aptitudes de l\'Américain, dont la carrière va prendre un fantastique virage dès l\'année suivante.', '1946-12-18', NULL),
(10, 'Hayao Miyazaki', 'assets/medias/personnes/Hayao_Miyazaki.jpg', 'Contrainte de fuir Tokyo, sa ville natale, sous les bombardements de l\'armée américaine, la famille de Miyazaki s\'installe à quelques kilomètres de la capitale. Cette expérience laissera une empreinte profonde chez le cinéaste, beaucoup des thèmes (pêle-mêle l\'aviation, le deuil, l\'enfance, l\'attachement à la nature) qui sont explorés au travers de son oeuvre provenant de cette période.  Inconditionnel de bandes dessinées, il trouve très tôt sa vocation. A l\'université de Tokyo, il suit des cours d\'économie mais ne renonce pas pour autant à son rêve. Il profite du temps libre que lui laisse ses études pour parfaire son coup de crayon et perfectionner une technique qui ne tarde pas le faire remarquer du studio d\'animation Tôei, la référence nippone en la matière à l\'époque. Il y entre en tant qu\'intervalliste en 1963. Il y fait la connaissance de Yasuo Otsuka et Isao Takahata, deux personnalités importantes de l\'animation. Les trois hommes travaillent ensemble au premier long métrage de Takahata, Les Aventures de Hols, prince du soleil (1968).', '1941-01-05', NULL),
(11, 'Jacques Audiard', 'assets/medias/personnes/Jacques_Audiard.jpg', 'Jacques Audiard se destine au professorat, mais après des études de Lettres avortées, il se lance dans le cinéma et débute comme monteur. Au début des années 80, il s\'essaie avec succès à l\'écriture de scénarios. Il signe ainsi les scripts de Reveillon chez Bob!, Mortelle randonnée, Baxter, Frequence Meurtre ou encore Saxo.  Il passe à la mise en scène en 1994 avec Regarde les hommes tomber, sombre road movie qui met en scène deux hommes que tout sépare, interprétés par Mathieu Kassovitz et Jean-Louis Trintignant. Le film remporte le César du Meilleur premier film ainsi que le prix Georges-Sadoul. Deux ans plus tard, le cinéaste retrouve Mathieu Kassovitz pour son second long métrage, Un héros très discret (prix du Meilleur scénario au festival de Cannes 1996), qu\'il adapte du roman homonyme de Jean-François Deniau.  Celui qui se considère comme un artisan du cinéma met cinq ans pour réaliser son film suivant, Sur mes lèvres, une histoire d\'amour sur fond de polar noir avec Emmanuelle Devos et Vincent Cassel. Ce troisième film récolte 9 nominations aux César dont celles du Meilleur film et du Meilleur réalisateur, remporte celui du Meilleur scénario et permet à Emmanuelle Devos d\'être sacrée Meilleure actrice.', '1952-04-30', NULL),
(12, 'Peter Jackson', 'assets/medias/personnes/Peter_Jackson.jpg', 'Signe du destin ? Peter Jackson, spécialiste du cinéma fantastique, est né le jour d\'Halloween. Après avoir tourné des films de vampires au cours de son enfance, il travaille en tant que photograveur dans un journal puis décide de se lancer dans le cinéma. En 1988, il accouche de Bad taste, un premier film très gore tourné pendant ses week-end, et qui se fait remarquer au marché du film du Festival de Cannes. Un an plus tard, il livre une version érotique et trash du Muppet Show avec Les Feebles.  Mais c\'est en 1992 que Peter Jackson se révèle aux yeux de tous avec le film d\'horreur Braindead, considéré par beaucoup comme un sommet du genre. Récompensé par le Grand Prix du Festival d\'Avoriaz en 1993, le film impose le réalisateur comme un spécialiste du cinéma gore. Le Néo-zélandais prend cependant tout le monde à contre-pied en 1994 en réalisant Créatures célestes, un drame tiré d\'un fait divers qui lui vaut le Lion d\'Argent au Festival de Venise et qui révèle Kate Winslet. Dès lors, c\'est l\'ascension pour le réalisateur qui, en 1996, retrouve le cinéma fantastique avec Fantômes contre fantômes et s\'autorise la même année un écart original avec Forgotten Silver, faux documentaire sur un cinéaste néo-zélandais imaginaire.', '1961-10-31', NULL),
(13, 'Frank Darabont', 'assets/medias/personnes/Frank-Darabont.jpg', 'Frank Darabont naît le 28 janiver 1959 en France, dans le camp de réfugiés de Montbéliard. Ses parents, réfugiés politiques d\'origine hongroise, déménage rapidement vers les Etats-Unis, et s\'installe prêt de Los Angeles. Frank Darabont fera ainsi ses études dans le lycée d\'Hollywood.  Il fait son entrée dans le cinéma comme assistant de production et décorateur de plateau. Il travaille notamment sur le tournage de Les Jours et les Nuits de China Blue (1984) de Ken Russell et de Trancers (1985) de Charles Band. Il débute sa carrière de réalisateur en mettant en scène en 1983 un court métrage intitulé The Woman in the room, sa première adaptation de l\'oeuvre de Stephen King.  A la fin des années 80, Frank Darabont coécrit les scénarios de trois films d\'horreur : Freddy 3, les griffes du cauchemar (1987) et Le Blob (1988) de Chuck Russell, ainsi que La Mouche 2 (1989) de Chris Walas. En 1994, il collabore également à l\'écriture de Frankenstein de Kenneth Branagh.  La même année, il revient derrière la caméra et connaît la consécration avec Les Evadés, un succès critique qui remporte sept nominations à l\'Oscar, dont une comme meilleur film et une autre comme meilleur scénario. Basé sur la nouvelle homonyme de Stephen King, ce drame carcéral, avec dans les rôles principaux Tim Robbins et Morgan Freeman, lui vaut également une double nomination de la Writers Guild et de la Directors Guild of America.', '1959-01-28', NULL),
(14, 'Clint Eastwood', 'assets/medias/personnes/Clint_Eastwood.jpg', 'Né d\'un père comptable, le jeune Clinton mène avec ses parents une vie de nomade. Il fait des petits boulots sans grande conviction, puis part à l\'armée, où ses rencontres l\'amènent à travailler chez Universal. Il fait sa première apparition à l\'écran en 1955 dans La Revanche de la créature, puis enchaîne les petits rôles anecdotiques.  Son ascension débute avec un rôle dans la série Rawhide. Entre 1956 et 1958, il apparaît successivement dans Ne dites jamais adieu, La Corde est prête, Escapade au Japon, et C\'est la guerre. Peinant à percer dans son pays, Clint accepte de partir en Italie, et c\'est grâce à Sergio Leone et la trilogie Pour une poignée de dollars, Et pour quelques dollars de plus et Le Bon, la brute et le truand qu\'il devient très populaire. Devenu une star en quelques années, Eastwood retourne aux États-Unis et crée sa propre maison de production, Malpaso Productions, s\'offrant ainsi un peu d\'indépendance. De sa rencontre avec Don Siegel naît une belle amitié et une longue collaboration (cinq films, dont Les Proies, L\'Inspecteur Harry ou encore L\'Évadé d\'Alcatraz).', '1930-05-31', NULL),
(15, 'Jim Jarmusch', 'assets/medias/personnes/Jim_Jarmusch.jpg', 'Avec une mère critique de cinéma dans un journal local de l\'Ohio, Jim Jarmusch s\'affirme très tôt comme cinéphile. Déménageant pour New York à 17 ans, il étudie la littérature à l\'université de Columbia avant de partir un an à Paris, où il fréquente assidûment la Cinémathèque. De retour à New York, il s\'essaie à la musique et à la poésie avant de s\'inscrire dans la section cinéma de la New York University.  Jarmusch finance son film de fin d\'études, Permanent Vacation, avec l\'argent d\'une bourse destinée à payer ses frais de scolarité, ce qui lui coûte son diplôme, mais lui vaut d\'être remarqué avant de s\'atteler à son premier long métrage, Stranger than Paradise (1983), co-financé par Wim Wenders dont il fut l\'assistant sur Nick\'s Movie. Présenté à Cannes dans le cadre de la Quinzaine des Réalisateurs, ce road-movie contemplatif, tourné en noir et blanc, décroche la Caméra d\'Or. Promu nouvelle coqueluche du cinéma indépendant américain, il revient sur la Croisette, mais cette fois en compétition, avec Down by Law, ou l\'épopée drôle et absurde d\'un trio de taulards, formé par deux Américains (Tom Waits et John Lurie) et un Italien (Roberto Benigni).', '1953-01-22', NULL),
(16, 'Wong Kar Wai', 'assets/medias/personnes/Wong_Kar_Wai.jpg', 'Né à Shanghaï, Wong Kar-Wai suit sa famille qui s\'installe à Hong-Kong en 1963. Diplômé en Arts graphiques après des études à l\'Ecole polytechnique de Hong-Kong, il entre comme assistant de production à la télévision où il devient rapidement assistant producteur puis scénariste de téléfilms et de séries télévisées. Il intègre alors le \"team créatif\" de Barry Wong, le meilleur et le plus prolifique scénariste de Hong Kong et commence à travailler dans le milieu du cinéma. Scénariste, il collabore notamment à The Final Victory de Patrick Tam. Ce dernier produira le premier long métrage de Wong Kar-Waï.  En 1988, Wong Kar-Wai réalise son premier film, As Tears go by, d\'après l\'un de ses scénarios. Le film est présenté à la Semaine de la Critique à Cannes mais jugé trop violent par les critiques occidentaux. En 1990, le cinéaste réunit tous les jeunes acteurs les plus populaires -notamment Maggie Cheung et Leslie Cheung- pour son second opus Nos annees sauvages, chassé croisé amoureux dans le Hong Kong des années 60 : le film est un échec commercial et sa seconde partie ne sera d\'ailleurs jamais montée.  Pour Les Cendres du temps, grande fresque historique, Wong Kar-Wai tourne pendant deux ans. Usant de chorégraphies et scènes de combats d\'une grande précision, le film s\'inscrit dans la grande tradition du cinéma chinois et affiche un casting prestigieux : Brigitte Lin, Tony Leung, Jacky Cheung, Maggie Cheung et Leslie Cheung. Le film est présenté à Venise où il obtient le prix de la Meilleure photo et laisse le réalisateur épuisé physiquement et mentalement par le tournage en plein désert.', '1958-07-17', NULL),
(17, 'Friedrich Wilhelm Murnau', 'assets/medias/personnes/F_W_Murnau.jpg', 'Né en 1888, soit la même année que Maurice Chevalier ou Harpo Marx, Friedrich Wilhelm Plumpe a donc presque sept ans lorsque le cinéma voit le jour. Une forme d’art qu’il ne rejoindra qu’en 1919, après être passé par des études de philologie puis d’histoire de l’art, et le théâtre, qu’il intègre en tant qu’acteur dans la troupe de Max Reinhardt. C’est à ce moment qu’il prend le nom de Murnau, mais doit quitter les planches pour le ciel pendant la Première Guerre Mondiale, où il officie en tant que pilote de chasse.  De retour au sol, il met donc, pour la première fois, les pieds sur un plateau, et réalise \"Der Knabe in Blau\" et le court métrage Satanas, que suivront notamment \"Le Bossu et la danseuse\" et \"Le Secret du Comte Warren\", où transparaît le goût du metteur en scène pour le fantastique et l’horreur. Un penchant qu’il poussera à son paroxysme en 1922, avec Nosferatu. Adapté du \"Dracula\" de Bram Stoker, il marque les spectateurs par son imagerie forte et fait du cinéaste l’un des chefs de file de l’expressionnisme allemand, aux côtés de Georg Wilhelm Pabst et Fritz Lang.  Oscillant toujours entre réalisme et fantastique, Murnau confirme ce statut dans les années qui suivent : pas forcément grâce au Fantôme (1922) et encore moins son adaptation de Tartuffe (1925), mais davantage par le biais du Dernier des hommes (1926) et de Faust (1926), d’après le mythe du même nom. Deux longs métrages dans lesquels il dirige son acteur fétiche, Emil Jannings, avant de partir outre-Atlantique. ', '1888-12-28', '1931-03-11'),
(18, 'Paul Grimault', 'assets/medias/personnes/Grimault_Paul.jpg', '', '1905-03-23', '1994-03-29'),
(19, 'Franck Gastambide', 'assets/medias/personnes/Franck_Gastambide.jpg', 'Passionné par les animaux, et plus particulièrement les pitbulls et autres rottweilers, Franck Gastambide découvre le milieu du cinéma grâce aux chiens justement, en tant que dresseur sur le tournage des Rivières Pourpres. Enthousiasmé par cette expérience, il se forme auprès d\'un spécialiste des animaux et travaille notamment sur Le Pacte des loups. Il rejoint le collectif Kourtrajmé où il rencontre ses futures kaira : Medi Sadoun et Jib Pocthier. Il développe avec eux le concept du Kaïra Shopping, remarqué par Canal Plus qui signera le trio pour trois saisons (2009-2011). Après une apparition clin d\'oeil dans Il reste du jambon ?, les trois complices passent au long métrage avec Les Kaïra.  Fort de ce succès, Franck Gastambide croule sous les propositions et campe ainsi un dragueur un peu lourd dans la comédie Toute première fois puis s\'attaque à un registre plus sombre en se glissant dans la peau d\'un criminel dans Enragés puis d\'un inspecteur de police dans Made in France. Il entame ensuite la mise en scène de son deuxième long métrage, Pattaya : dans cette comédie déjantée se situant dans la sulfureuse station balnéaire thaïlandaise de Pattaya, deux amis ont la folle idée d’inscrire à son insu le nain de leur quartier au championnat du monde de Boxe Thaï des Nains...   En 2018, le réalisateur passe la 5ème et met en scène Taxi 5 - la relève, nouvel opus de la franchise à succès produite par Luc Besson. Gastambide y incarne Sylvain Marot, super flic parisien et pilote d’exception, muté contre son gré à la Police Municipale de Marseille. L’ex-commissaire Gibert, devenu Maire de la ville et au plus bas dans les sondages, va alors lui confier la mission de stopper le redoutable « Gang des Italiens », qui écume des bijouteries à l’aide de puissantes Ferrari. Mais pour y parvenir, Marot n’aura pas d’autre choix que de collaborer avec le petit-neveu du célèbre Daniel, Eddy Maklouf, le pire chauffeur VTC de Marseille, mais le seul à pouvoir récupérer le légendaire TAXI blanc.', '1978-10-31', NULL),
(20, 'Malik Bentalha', 'assets/medias/personnes/Malik_Bentalha.jpg', 'Malik Bentalha naît d\'un père algérien et d\'une mère marocaine dans le département du Gard et grandit ensuite dans le Vaucluse. Pendant le lycée, il choisit la filière ES puis, une fois son baccalauréat en poche, se rend à Paris en 2007 pour intégrer le Cours Florent. C\'est tout d\'abord via le stand up que Malik Bentalha se fait connaître. Il intègre le Jamel Comedy Club grâce à Jamel Debouze puis est remarqué par Gad Elmaleh qui lui propose de faire la première partie de l\'un de ses spectacles, chose qu\'il accepte avec joie. Le jeune comique ne tarde pas ensuite à investir les plateaux télévisées, comme en témoignent sa présence dans des programmes comme Le meilleur de Paris fait sa comédie sur France 2, le Grand Direct des Médias sur Europe 1 ou encore Vendredi tout est permis sur TF1. Parallèlement, il se produit sur scène via son spectacle \"Malik Bentalha se la raconte\" de 2012 à 2014.  Fort de son talent comique, Malik Bentalha est également actif au cinéma. Après avoir joué de petits rôles dans Et soudain, tout le monde me manque (2011) et Nous York (2012), il campe le frère de Tewfik Jallab dans la comédie dramatique Né quelque part (2013). S\'en suivent d\'autres rôles secondaires dans les comédies Eyjafjallajökull (2013) et Robin des bois, la véritable histoire (2015). En 2016, sa carrière prend un tournant important grâce à Pattaya de et avec Franck Gastambide. Les deux hommes incarnent deux jeunes de ballieue décidant d’inscrire à son insu le nain de leur quartier au championnat du monde de Boxe Thaï des Nains, dans le but de pouvoir se rendre en Thaïlande. Peu de temps après, Gastambide le choisit à nouveau pour son prochain film, le très attendu Taxi 5. Dans ce cinquième opus de la franchise, Malik Bentalha campe ni plus ni moins que l\'un des deux rôles principaux, Eddy Maklouf, qui n\'est autre que le neveu du célèbre chauffeur de taxi Daniel Morales que jouait Samy Naceri dans les volets précédents.', '1989-03-01', NULL),
(21, 'Bernard Farcy', 'assets/medias/personnes/Bernard_Farcy.jpg', 'Bernard Farcy débute sa carrière cinématographique en 1983 avec un petit rôle dans La Lune dans le caniveau de Jean-Jacques Beineix. Un an plus tard, il joue dans Notre histoire de Bertrand Blier qu\'il retrouvera à l\'occasion du tournage Tenue de soirée. Aprés avoir tourné sous la direction du comédien Michel Blanc dans Marche a l\'ombre en 1984, ce n\'est que 10 ans après, que le réalisateur lui donnera l\'opportunité d\'incarner le rôle d\'un employé de l\'ANPE dans la comédie décalée Grosse Fatigue.  Entre temps, Bernard Farcy évolue dans des seconds rôles aux côtés des grandes figures du cinéma telles que Jean-Paul Belmondo dans Le Solitaire, ou bien Alain Delon dans Ne réveillez pas un flic qui dort, et travaille notamment pour Ariel Zeitoun dans Saxo, Yves Boisset dans La Travestie et Christian Fechner dans Justinien Trouvé ou le bâtard de Dieu.  C\'est partir de 1995 que la carrière de Bernard Farcy commence à prendre un nouveau virage avec son rôle de chef d\'entreprise infecte dans Les Trois Frères, la comédie des Inconnus. Il enchaîne ensuite avec Les Soeurs Soleil et La Divine poursuite avant de décrocher le rôle qui lui confère une énorme popularité : celui du Commissaire loufoque de Taxi, qu\'il reprend dans Taxi 2 et Taxi 3. Désormais adepte des comédies à succés, il tient l\'affiche aux côtés de Alain Chabat dans Astérix et Obélix : mission Cléopâtre où il campe le rôle du chef des Pirates. Suivront Les Percutés, Albert est méchant, People Jet set 2, et Iznogoud. On le retrouve cependant dans d\'autres registres comme le film d\'aventure Le Pacte des loups. En 2006, il est choisi pour incarner un personnage historique, Charles de Gaulle, dont la vie est retracée dans le téléfilm Le Grand Charles.', '1949-02-02', NULL),
(22, 'Tom Hanks', 'assets/medias/personnes/Tom_Hanks.jpg', 'Tom Hanks, de son vrai nom Thomas J. Hanks, grandit au sein d\'une famille recomposée. C\'est adolescent qu\'il découvre le théâtre : il comprend rapidement qu\'il vient de trouver sa vocation et qu\'il en fera son métier. En 1978, Tom Hanks met alors un terme à ses études et part pour New York afin de devenir acteur. C\'est avec Noces Sanglantes (1980) qu\'il fait ses premiers pas au cinéma. Se succèdent ensuite de multiples apparitions dans des séries télévisées jusqu\'en 1984, où il se fait remarquer sur grand écran aux côtés de Daryl Hannah dans Splash, une comédie Disney. Malgré ce premier succès, les films suivants ne seront pas des réussites. Il faut attendre 1988 et Big pour que sa carrière explose : spécialiste des comédies, il acquiert les faveurs du public, et du métier. En effet, l\'acteur obtient alors sa première nomination à l\'Oscar.  C\'est en jouant un avocat homosexuel atteint du sida dans Philadelphia qu\'il reçoit son premier Oscar du Meilleur Acteur en 1993, et acquiert de ce fait la reconnaissance du public et de ses pairs. Il recevra une nouvelle statuette pour sa prestation dans Forrest Gump l\'année suivante ; privilège rarissime que seul le grand acteur américain Spencer Tracy possédait avant lui. Sous la direction de Ron Howard, Tom Hanks réussit la transition avec les Oscars puisque le film Apollo 13, récit de la conquête spatiale, fait un tabac. Il devient alors l\'\"acteur préféré des Américains\", un titre que les sondages lui attribueront à plusieurs reprises. Il est reconnu pour la diversité de son jeu, aussi à l\'aise dans les comédies que dans le drame. L\'acteur sort même des sentiers battus en prêtant sa voix au cowboy Woody dans Toy Story, le premier film tout en 3D réalisé par un jeune studio encore méconnu nommé Pixar...  En 1996, il passe de l\'autre côté de la caméra et réalise son premier film sur un groupe rock, That Thing you do, un essai bien maîtrisé. La rencontre entre Spielberg et Hanks lui donne la possibilité d\'affirmer une fois de plus son talent dans Il faut sauver le soldat Ryan. Deux ans plus tard, il retrouve à nouveau le cinéaste pour Arrête-moi si tu peux et partage l\'affiche avec une autre star, Leonardo DiCaprio. En 2000, il incarne dans Seul au monde de Zemeckis d\'après une idée de lui, un naufragé isolé pendant plusieurs années sur une île déserte à la suite d\'un crash aérien, ce qui lui vaudra le Golden Globe du meilleur acteur. Toujours présent à la télévision, Tom Hanks coproduit la série Frères d\'armes autour de la Seconde Guerre Mondiale, un succès aussi bien public que critique. Producteur avisé, il est de l\'aventure Mariage à la grecque, un des films indépendants les plus rentables de l\'histoire du cinéma. Une réussite néanmoins gâchée par les différends financiers qui suivront le succès du film, l\'acteur en réclamant une partie des bénéfices.', '1956-07-09', NULL),
(23, 'Gary Sinise', 'assets/medias/personnes/Gary_Sinise.jpg', 'Gary Sinise débute sa carrière artistique sur les planches, à l\'âge de dix-sept ans. Deux ans plus tard, il fonde la Steppenwolf Theatre Company et s\'illustre dans de nombreuses pièces à succès aux côtés de son ami John Malkovich. Les années 70 et 80 imposent le comédien comme une valeur théâtrale sûre, à la fois comme metteur en scène et interprète. En 1988, Gary Sinise débute dans le septième art en réalisant Rien à perdre, un drame porté par Richard Gere. Mais c\'est en 1992 qu\'il connaît la consécration internationale : s\'il apparaît dans Jack the bear, il se fait surtout remarquer en réalisant Des souris et des hommes, une adaptation de l\'oeuvre de John Steinbeck dans laquelle il incarne le personnage de George aux côtés de John Malkovich.  Gary Sinise privilégie dès lors une carrière de comédien marquée par des prestations fortes. Héros du Viêtnam amputé de ses deux jambes dans Forrest Gump (1994), à la fois astronaute et kidnappeur d\'enfants chez Ron Howard (Apollo 13 et La Rançon) ou truand dans Albino Alligator, l\'acteur se montre particulièrement pertinent dans ses choix. L\'Américain est fidèle dans ses collaborations : Ron Howard, Brian De Palma (Snake eyes, Mission to Mars) mais également Tom Hanks (Forrest Gump, Apollo 13 et La Ligne verte) font partie de son cercle professionnel. Alternant grosses productions hollywoodiennes et films d\'auteur, Gary Sinise enchaîne les tournages du thriller de science-fiction Impostor (2001), du drame La Couleur du mensonge (2003) et du surnaturel Mémoire effacée (2004).  L\'année 2004 marque également son premier rôle principal dans une série télé, puisqu\'il est le détective Mack Taylor dans Les Experts : Manhattan. ', '1955-03-17', NULL),
(24, 'Robin Wright', 'assets/medias/personnes/Robin_Wright.jpg', 'Fille d\'un cadre de l\'industrie pharmaceutique et d\'une directrice commerciale dans les cosmétiques, Robin Wright grandit en Californie. Repérée, adolescente, dans une discothèque par un photographe, elle exerce l\'activité de mannequin pendant un an, puis se tourne vers la comédie. Elle décroche rapidement le rôle de la douce Kelly Capwell, une des héroïnes du soap à succès Santa Barbara (1984-1988), grâce auquel elle se fait connaître du grand public.   Après une première apparition sur grand écran, en 1986, dans le film Hollywood vice squad, Robin Wright est choisie pour incarner Bouton d\'or, alias Princess Bride, dans le conte de Rob Reiner, puis joue dans le tout aussi familial Toys. En 1990, sur le tournage des Anges de la nuit, elle fait la connaissance de son futur mari, le comédien Sean Penn. Lorsque celui-ci passera derrière la caméra, il confiera de beaux personnages à celle qui s\'appelle désormais Robin Wright Penn : une artiste bienveillante dans Crossing Guard puis une femme battue dans The Pledge. Tous deux forment aussi le couple chaotique du She\'s so lovely de Nick Cassavetes (1997).   Nommée au Golden Globe pour le rôle de Jenny, le grand amour de Tom Hanks/Forrest Gump (1994), Robin Wright Penn se tient à distance du star system, refusant notamment nombre de gros films (Robin des Bois, Batman Forever) pour s\'occuper de sa famille. S\'illustrant souvent dans des mélodrames (Une bouteille à la mer, Laurier blanc), l\'actrice joue les épouses distantes de Bruce Willis dans Incassable et de Jude Law dans Par effraction. Après la médiévale Légende de Beowulf (2006), elle connaît une année 2009 faste avec le thriller Jeux de Pouvoir, le rôle principal de la comédie dramatique Les Vies privées de Pippa Lee, et Le Drôle de Noël de Scrooge, où elle donne la réplique à Jim Carrey. Cette année-là, elle est également membre du jury à Cannes.', '1966-04-08', NULL),
(25, 'Jamie Foxx', 'assets/medias/personnes/Jamie_Foxx.jpg', 'Avant de se tourner vers le métier de comédien, Jamie Foxx bénéficie d\'une formation musicale. Il étudie le piano dès l\'âge de cinq ans et effectue le plus gros de sa scolarité dans le collège de San Diego. En 1989, il fait ses débuts de comédien comme comique de stand-up avant d\'apparaitre dans les séries télévisées In Living Color (1990), où il crée de nombreux personnages comiques, et Roc (1991). En 1992, Barry Levinson lui offre son premier rôle au cinéma dans Toys.  Dès 1996, il produit une émission dont il est également la vedette, le Jamie Foxx Show. Fort du succès que remporte ce programme aux États-Unis, il tourne simultanément au cinéma et donne la réplique à Uma Thurman dans Entre chiens et chats (1996) et à Samuel L. Jackson dans La Couleur de l\'arnaque. Son rôle de quarterback en quête de célébrité dans L\'Enfer du dimanche (1999) d\'Oliver Stone impose véritablement Jamie Foxx à Hollywood.  Mais c\'est au réalisateur Michael Mann que l\'acteur noir-américain doit trois de ses prestations les plus importantes : pour Ali (2001), il change d\'apparence physique et travaille sa voix afin d\'interpréter Drew Brown, le conseiller du célèbre boxeur incarné par Will Smith ; pour Collateral (2003), il se fond avec aisance dans le personnage d\'un chauffeur de taxi aux prises avec un dangereux tueur à gages incarné par Tom Cruise ; et pour Miami vice - Deux flics à Miami (2006), il reprend le rôle tenu dans la série d\'origine par Philip Michael Thomas, et devient ainsi le partenaire risque-tout de Colin Farrell.  En 2004, Jamie Foxx relève un autre défi, celui de prêter ses traits au légendaire bluesman Ray Charles sous la direction de Taylor Hackford. Ce rôle lui permet de gagner l\'Oscar du Meilleur acteur. Réclamé de toutes parts à Hollywood, il alterne sans complexe les blockbusters comme Furtif (2005) et films \"oscarisables\" tel que Jarhead - la fin de l\'innocence de Sam Mendes. En 2007, l\'acteur joue dans Le Royaume et a aussi le privilège d\'avoir une étoile à son nom sur le Hollywood Walk of Fame. Il retrouve également le monde de la musique à travers Dreamgirls (2005) et Le Soliste (2009) de Joe Wright, au côté de Robert Downey Jr.', '1967-12-13', NULL),
(26, 'Christoph Waltz', 'assets/medias/personnes/Christoph_Waltz.jpg', ' Christoph Waltz est un enfant du sérail. Parents costumiers et décorateurs de théâtre, grands-parents comédiens, il naît le 4 octobre 1956 à Vienne dans une atmosphère propice à la création et au jeu. Il étudie d\'abord le chant et l’opéra au Max Reinhart Seminar (University of Music and Performing Arts) à Vienne. À la fin des années 70, il s\'envole pour New York et étudie au Lee Strasberg Theatre and Film Institute, où il reçoit les enseignements de Lee Strasberg et de Stella Adler.  Le petit écran devient assez vite son domaine de prédilection, il joue dans nombre de téléfilms tels que The Mysterious Stranger (1982), Goldeneye (1989), Jacob (1994), Todsünde (TV) (2008), et fait des apparitions dans les séries Inspecteur Derrick, Tatort ou Rex, chien flic. Mais la majeure partie de son travail est routinière et peu valorisante, l\'acteur déclare lui-même : \"Il y a peu de films dont je n’ai pas honte\".  Bien que très présent sur le petit écran, Christoph Waltz ne snobe pas le cinéma pour autant, puisqu\'il y apparait régulièrement depuis 1982. On peut le voir, entre autres, dans Richard et Cosima (1986) où il interprète le rôle de Friedrich Nietzsche, dans Passe Passe (1989) et dans Ordinary Decent Criminal (1999), tous inédits dans les salles françaises. En 2000, il réalise son premier film, Wenn man sich traut (TV).  Le public français n\'aura l\'occasion de découvrir son visage que bien plus tard, en 2009, à la sortie d\'Inglourious Basterds de Quentin Tarantino, dans lequel il tient la dragée haute à Brad Pitt, Mélanie Laurent et Diane Kruger. Il y campe le personnage sadique et cynique du colonel nazi Hans Landa, communément appelé \"Chasseur de juifs\". Ce rôle lui vaut un Prix d\'Interprétation Masculine à Cannes, en mai 2009 ainsi que l\'Oscar du Meilleur Second Rôle Masculin. Ce film marque enfin la reconnaissance de son talent d\'acteur à 53 ans, lui qui avait souvent pensé arrêter sa carrière.', '1956-10-04', NULL),
(27, 'Leonardo DiCaprio', 'assets/medias/personnes/Leo_DiCaprio.jpg', 'Né d\'un père italien et d\'une mère allemande favorisant au mieux ses aptitudes artistiques, Leonardo DiCaprio suit des cours de comédie dès l\'école primaire. Auditionnant pour la première fois en 1988, il commence par tourner des spots publicitaires, puis obtient très vite quelques petits rôles à la télévision (Les nouvelles aventures de Lassie, Santa Barbara), avant de se faire remarquer dans la série Quoi de neuf, docteur ? en 1991. Mais il est surtout intéressé par le cinéma, et après un premier film d\'horreur (Critters 3), Leonardo DiCaprio est choisi parmi quatre cents candidats pour jouer le beau-fils maltraité de Robert De Niro dans Blessures secrètes (1993).   Par la suite, il étonne en interprétant un attardé mental dans Gilbert Grape (1993), où il vole la vedette à Johnny Depp. Sa composition lui vaut une double nomination comme Meilleur second rôle aux Golden Globes et aux Oscars 1994. A l\'aise dans tous les registres, ce surdoué enchaîne au cours de l\'année 1995 un western (Mort ou vif), une évocation de la vie d\'Arthur Rimbaud (Rimbaud Verlaine) et l\'histoire d\'un junkie (Basketball diaries). Choisissant ses films davantage sur des critères artistiques qu\'économiques, Leonardo DiCaprio, relégué au rang d\'acteur secondaire, accède au statut de star en 1996 lorsque sort sur les écrans Romeo + Juliette, une version contemporaine et déjantée de l’œuvre de William Shakespeare réalisée par l\'Australien Baz Luhrmann. Pari risqué, le film est un succès international.   Mais le meilleur reste à venir avec Titanic (1997), la fresque inoubliable de James Cameron, dont les recettes engendrées aux Etats-Unis s\'élèvent à plus de 600 millions de dollars. Amant de Claire Danes puis de Kate Winslet à l\'écran, il fait figure de nouveau héros romantique et devient l\'objet d\'une véritable \"DiCaprio mania\". Les sorties des films Celebrity de Woody Allen et L\'Homme au masque de fer, tournés avant le phénomène Titanic, bénéficient de cette déferlante. De 2,5 millions de dollars, son cachet passe à 20 millions pour le voyage initiatique de La Plage (2000) du Britannique Danny Boyle. Les grands réalisateurs de ce monde se l\'arrachent et lui confient des personnages plus matures à l\'image de Steven Spielberg qui lui permet de camper un escroc dans Arrête-moi si tu peux.', '1974-11-11', NULL),
(28, 'John Travolta', 'assets/medias/personnes/John_Travolta.jpg', 'Issu d\'une famille d\'acteurs, il abandonne ses études au lycée, pour se lancer dans la comédie. Il connaît son premier succès grâce à la série TV Welcome Back, Kotter (de 1975 à 1979). Son rôle de lycéen décontracté (Vinnie Barbarino), va le suivre jusqu\'au début de sa carrière au cinéma dans des films tels Carrie au bal du diable (Brian De Palma, 1976), Grease (adapté de Broadway, 1978), et, dans une mesure plus sérieuse, La Fievre du samedi soir (1977), dans lequel il surfe sur la vague disco en interprétant le rôle du danseur/étudiant Tony Manero, qui lui vaudra une première nomination à l\'Oscar.  La suite de sa carrière est chaotique et parsemée d\'échecs retentissants contrastants singulièrement avec ses précédents succès : Blow out (Brian De Palma, 1981), dans lequel il est Jack, technicien du son détenant la preuve d\'un meurtre, Staying Alive (1983), une vaine tentative de renouer avec le triomphe de La Fievre du samedi soir, ou Second Chance (1983), pour lequel il retrouve sa partenaire de Grease, Olivia Newton-John.  Il effectue un semblant de comeback grâce à Allo maman ici bébé, succès surprise de l\'année 1989, une comédie romantique pour laquelle il interprète le chauffeur de taxi au bon coeur James Ubriaco. Son vrai retour (la suite d\'Allo maman ici bébé, Allo maman c\'est encore moi en 1993 est un échec), il le fait dans le Pulp Fiction de Quentin Tarantino, où son rôle de gangster Vincent Vega lui permet d\'obtenir une autre citation à l\'Oscar en 1994.', '1954-02-18', NULL),
(29, 'Samuel Lee Jackson', 'assets/medias/personnes/Samuel_L_Jackson.jpg', 'Samuel L. Jackson entre au Morehouse College d\'Atlanta pour entreprendre des études d\'architecture mais c\'est avec un diplôme d\'art dramatique qu\'il en ressort en 1972. Il fait ses débuts au cinéma la même année dans Together for days de Michael Schultz, mais préfère d\'abord se consacrer au théâtre en jouant sur les planches new-yorkaises.  C\'est à New York que Samuel L. Jackson fait la rencontre de Spike Lee, qui lui confiera plus tard quelques petits rôles dans ses films (Do the right thing, Mo\' Better Blues). Après des apparitions dans Un prince à New York et Les Affranchis, c\'est cette collaboration qui lui permet d\'obtenir au Festival de Cannes 1991 le Prix du Meilleur second rôle pour Jungle Fever, dans lequel il incarne un junkie. Mais c\'est son rôle de Jules, le tueur philosophe du Pulp Fiction de Quentin Tarantino (1994), qui le propulse au rang de star. Tarantino le dirigera à nouveau dans Jackie Brown, en 1998, et lui offrira également un petit rôle dans Kill Bill : volume 2, en 2004 et Inglourious Basterds en 2010.  Particulièrement prolifique dans les années 90, Samuel L. Jackson se distingue notamment par ses rôles de policier, comme dans Kiss of death (Barbet Schroeder, 1994) ou Négociateur (F. Gary Gray, 1998). En 2000, il incarne le célèbre flic noir Shaft. Très à l\'aise dans les films grand public, il joue ainsi dans Jurassic Park et a pour partenaire Bruce Willis dans Une journée en enfer (1995), acteur avec qui il collaborera à nouveau dans Incassable (M. Night Shyamalan, 2000). Ce dernier film démontre que l\'acteur, fer de lance d\'un cinéma dit commercial, sait aussi se tourner vers des projets plus ambitieux, comme lorsqu\'il incarne un père vengeur dans Le Droit de tuer ?.  Figure hollywoodienne incontournable, Samuel L. Jackson est choisi par George Lucas pour être Mace Windu dans les trois premiers volets de la saga Star Wars, en 1999 (La Menace fantôme), 2002 (L\'Attaque des clones) et 2005 (La Revanche des Sith). Toujours aussi actif dans les années 2000, il apparaît notamment aux génériques d\'XXX et sa suite, de S.W.A.T. unité d\'élite, de Basic, de Coach Carter, de Black Snake Moan et du très fun Des serpents dans l\'avion, où il confirme son aptitude à ne pas se prendre au sérieux. En 2008, l\'acteur s\'illustre dans les thrillers fantastiques Chambre 1408 et Jumper, ainsi que dans le film de super-héros Iron Man, aux côtés de Robert Downey Jr.  Après avoir prêté sa voix au film Astro Boy puis à la série Afro Samuraï, il fait équipe avec Dwayne Johnson pour les besoins de la comédie policière Very Bad Cops. Son agenda est particulièrement chargé puisqu’il apparaît dans Captain America de Joe Johnston et Avengers de Joss Whedon dans le rôle de l\'agent du SHIELD Nick Fury.  Très sollicité, l\'acteur croule sous les propositions, et pas des moindres : les productions à gros budget sont sa spécialité. En 2013, Il retrouve son complice Tarantino pour l’excellent Django Unchained, western spaghetti à la sauce \"tarantinesque\" où il apparaît, vieilli, sous les traits de Stephen, le fidèle et impitoyable valet de Calvin J. Candie (Leonardo DiCaprio). Il est également à l’affiche des remakes de Oldboy et RoboCop, reprend plus tard le rôle de Nick Fury dans Captain America : Le Soldat de l’hiver et rejoint Colin Firth et le jeune Taron Egerton dans Kingsman : services secrets, adaptation du comics du même nom, signée Matthew Vaughn. ', '1961-12-21', NULL),
(30, 'Uma Thurman', 'assets/medias/personnes/Uma_Thurman.jpg', 'Née à Boston, Uma Thurman grandit à Ameherst, dans le Massachusetts. Remarquée à quinze ans par deux impresarios new-yorkais dans une école préparatoire de Nouvelle-Angleterre, elle rejoint un an plus tard la Professional Children\'s School pour embrasser la carrière de comédienne. Elle tient son premier rôle en 1988 dans Johnny be good de Bud Smith, face à Anthony Michael Hall. La même année, elle s\'impose dans deux succès internationaux : Les Aventures du baron de Munchausen de Terry Gilliam, où elle incarne une juvénile et pulpeuse Vénus, et Les Liaisons dangereuses de Stephen Frears.  Suivent sa performance d\'épouse névrosée et bisexuelle dans Henry & June (1990) de Philip Kaufman et d\'autres seconds rôles remarqués qui confirment ses talents de comédienne : patiente psychotique de Richard Gere dans Sang chaud pour meurtre de sang-froid (1992), témoin aveugle dans Jennifer 8 (id.), prostituée au grand coeur de Robert De Niro dans Mad dog and glory (1993) ou encore auto-stoppeuse hippie au pouce démesuré dans l\'excentrique Even cowgirls get the blues (id.) de Gus Van Sant. 1994 est l\'année de la consécration : Uma Thurman se retrouve en tête d\'affiche du cultissime Pulp fiction de Quentin Tarantino, Palme d\'Or au Festival de Cannes. Son rôle de pseudo-actrice junkie victime d\'une overdose lui vaut d\'être citée à l\'Oscar du Meilleur second rôle féminin.  Après la comédie romantique Entre chiens et chats (1996), elle assoit définitivement son sex appeal à Hollywood en prêtant ses traits à la vénéneuse Poison Ivy dans Batman & Robin (1997) et en revêtant la très moulante tenue d\'Emma Peel dans l\'adaptation cinématographique de la série Chapeau melon et bottes de cuir (1998). Donnant la réplique à son compagnon à la ville de l\'époque, Ethan Hawke, dans le futuriste Bienvenue à Gattaca (1998), elle tourne sous la direction de Woody Allen dans Accords et désaccords (1999) et se montre également à l\'aise dans des fresques littéraires (Les Misérables 1998) et des films d\'époque comme Vatel (2000) de Roland Joffé et La Coupe d\'or (id.) de James Ivory.  Deux ans plus tard, Uma Thurman s\'entraîne durement aux arts martiaux pour le tournage du tonitruant diptyque Kill Bill (2003 et 2004), une sanglante histoire de vengeance qui marque sa seconde collaboration avec Quentin Tarantino, et par la même occasion l\'une de ses prestations les plus marquantes. De retrouvailles, il en est également question pour Be cool (2005), la suite de Get shorty, la belle se déhanchant à nouveau aux côtés de John Travolta, son partenaire de danse dans l\'inoubliable Pulp fiction. ', '1970-04-29', NULL);
INSERT INTO `personnes` (`id`, `nom_personne`, `portrait`, `biographie`, `birth_date`, `death`) VALUES
(31, 'Matthew McConaughey', 'assets/medias/personnes/Matthew_McConaughey.jpg', '  Matthew McConaughey n\'est encore qu\'un étudiant en droit à l\'université du Texas lorsqu\'un ami commun lui présente Richard Linklater, qui décide de lui confier une figuration dans son film Génération Rebelle en 1993. Après le tournage, il reprend consciencieusement ses études avant d\'enchaîner quelques petits rôles, qui lui permettent surtout de faire connaître son physique avantageux.   Le grand public va vraiment retenir son nom grâce au film Le Droit de tuer ? de Joel Schumacher en 1996. Avec ce personnage d\'avocat battant, l\'acteur se retrouve de plus en plus en tête d\'affiche, avec les plus grands de la profession. Il est choisi par Steven Spielberg pour interpréter l\'un des rôles principaux d\'Amistad aux côtés d\'Anthony Hopkins, et donne la réplique à Jodie Foster dans Contact de Robert Zemeckis en 1997.   Avec son physique de séducteur, Matthew McConaughey incarne souvent le type du héros moderne, qu\'il soit historique (U-571 de Jonathan Mostow), héros d\'un jour (En direct sur Ed TV de Ron Howard) ou romantique (Un mariage trop parfait avec Jennifer Lopez). En 2002, il joue dans le thriller Emprise, premier long métrage remarqué de Bill Paxton, et enchaîne sur une nouvelle comédie romantique, Comment se faire larguer en 10 leçons, où il donne la réplique à Kate Hudson.   Après avoir joué un futur père, frère d\'un \"homme de petite taille\" (joué par Gary Oldman), qui découvre que son enfant est atteint de nanisme dans Tiptoes (2003), comédie dramatique inédite en France, il change complètement de registre. Dans Sahara (2005) il campe un aventurier des temps modernes, sorte d\'Indiana Jones déjanté, à la recherche d\'un trésor caché dans le désert africain. Il y partage l\'affiche avec son complice, Steve Zahn, et Penélope Cruz avec qui il vit une courte idylle. Ayant pris des kilos de muscles pour les besoins du film, D.J. Caruso lui donne l\'occasion de les rentabiliser en lui confiant le rôle d\'un athlète blessé qui se lie avec un bookmaker, Al Pacino, dans Two for the Money (2006).   Mais l\'appel de l\'aventure rattrape une nouvelle fois le comédien, qui retrouve Kate Hudson et l\'embarque dans une chasse au trésor au coeur de L\'Amour de l\'or (2008) d\'Andy Tennant, avant de faire partie du premier essai dramatique de McG, intitulé We Are Marshall. L\'acteur accepte ensuite de jouer un second rôle dans la comédie loufoque de Ben Stiller Tonnerre sous les Tropiques (id.), puis fait un nouveau détour par la comédie romantique aux côtés de Jennifer Garner, cette fois dans Hanté par ses ex (2009). Après une courte absence, on le retrouve en 2011 dans La Défense Lincoln où il incarne à nouveau un avocat. A partir de ce film, le comédien fait le choix d\'orienter sa carrière vers des projets plus complexes.   Ainsi, 2012 est pour Matthew McConaughey une année exceptionnelle, puisqu\'il est à l\'affiche de plusieurs films mémorables : Magic Mike où il campe un stripteaseur-businessman, Killer Joe dans lequel son personnage de tueur à gages mystérieux fait froid dans le dos et enfin Paperboy, où il casse son image de beau gosse en campant un homosexuel balafré et torturé. Trois prestations inoubliables. L\'année suivante, il porte Mud qui se déroule lui aussi dans la moiteur du sud des Etats-Unis, fait une apparition courte mais hilarante dans Le Loup de Wall Street de Martin Scorsese pour ensuite se tourner vers la télévision où, en compagnie de Woody Harrelson, il se lance à la poursuite d\'un redoutable tueur en série dans True Detective. La série est un véritable chef-d\'oeuvre et la performance de l\'acteur bluffante.  Fort de ces rôles marquants, Matthew entame 2014 avec un projet ambitieux pour lequel il perd 22 kilos : Dallas Buyers Club où il se glisse dans la peau de Ron Woodroof, une personne diagnostiquée séropositive qui décide de s’engager dans une bataille contre les laboratoires et les autorités fédérales. Cette même année, il joue le personnage principal d\'Interstellar de Christopher Nolan.   Après cette période de franches réussites, Matthew McConaughey enchaîne avec trois films qui ne rencontrent pas de succès malgré l\'investissement de l\'acteur : Nos souvenirs (2016), Free State of Jones (id.) et Gold (2017). Toujours en 2017, il est l\'Homme en noir de La Tour sombre, adaptation attendue d\'une série de huit romans de Stephen King.', '1969-11-04', NULL),
(32, 'Anne Hathaway', 'assets/medias/personnes/Anne_Hathaway.jpg', 'Membre du prestigieux Barrow Group new-yorkais, section cinéma, la jeune Anne Hathaway a 17 ans lorsqu\'elle fait ses grands débuts à l\'écran, en 1999, dans la série télévisée La Famille Green. Mais c\'est deux ans plus tard que l\'adolescente se révèle au grand public avec son incarnation de la Princesse Thermopolis dans la production Disney Princesse malgré elle. Ce rôle de figure royale empruntée, gaffeuse et d\'une naïveté confondante remporte un joli succès public qui appellera une suite en 2004, intitulée Un mariage de princesse.  Entre ses deux rôles de Princesse, Anne Hathaway se forge un chemin sans encombres en se construisant, film par film, une image de jeune fille modèle. Elle joue ainsi uniquement dans des productions destinées au jeune public telles Nicholas Nickleby et Ella au pays enchanté, ou prête sa voix à des films d\'animation comme Le Royaume des chats (voix de Haru) et le déjanté La Véritable histoire du petit chaperon rouge (voix du rôle-titre). Anne Hathaway noircit légèrement le trait à partir de Secret de Brokeback Mountain, où elle incarne la compagne délaissée de Jake Gyllenhaal. En 2006, elle est à l\'affiche de la comédie dramatique Le Diable s\'habille en Prada, en tant qu\'assistante d\'une tyrannique rédactrice en chef incarnée par Meryl Streep.  Avec Jane, où elle interprète la célèbre écrivain Jane Austen, l\'actrice semble dorénavant prête à assumer des rôles plus complexes. Elle ne renonce pas pour autant aux films légers, puisqu\'après avoir partagé l\'affiche de Max la menace avec Steve Carell, elle devient la Meilleure ennemie de Kate Hudson. Avec Passengers, elle rejoint un univers très différent de ceux auxquels elle était habituée : le film est un drame qui flirte avec le surnaturel. Mais, c\'est avec Rachel se marie, où elle incarne une ex-mannequin qui sort d\'une cure de désintoxication pour se rendre au mariage de sa sœur, qu\'elle obtient sa toute première consécration : une nomination à l\'Oscar de la meilleure actrice.  Après la comédie romantique Valentine\'s Day (2010), Anne Hathaway retrouve une nouvelle fois les studios Disney, non plus en tant que princesse mais sous les traits de la Reine Blanche, dans le fantasmagorique Alice au Pays des Merveilles de Tim Burton (id.). La même année, la comédie Love, et autres drogues marque sa deuxième collaboration avec l\'acteur Jake Gyllenhaal. Elle interprète pour l\'occasion une jeune artiste atteinte de la maladie de Parkinson. L\'année suivante, elle s\'adonne une nouvelle fois au doublage de film d\'animation pour les besoins de Rio, avant de se voir proposer par Christopher Nolan le rôle de Catwoman dans le troisième opus de la franchise Batman.  On l\'aperçoit plus tard dans Les Misérables, une adaptation américaine du classique de Victor Hugo, elle-même inspirée d\'une comédie musicale de Broadway où, métamorphosée, elle campe Fantine, la mère de la petite Cosette. En 2014, Anne Hathaway prête de nouveau sa voix à la pétillante Jewel, dans Rio 2, avant de retrouver Christopher Nolan dans le sublime Interstellar.', '1982-11-12', NULL),
(33, 'Michael Caine', 'assets/medias/personnes/Michael_Caine.jpg', 'Issu d\'une famille pauvre du sud de Londres, le petit Maurice Micklewhite se passionne très tôt pour le théâtre. A 18 ans, il est enrôlé dans les forces britanniques et est envoyé en Corée. A son retour, il exerce quelques petits jobs (garçon de course, accessoiriste...) et joue dans des théâtres régionaux. Il participe également à de très nombreuses pièces pour la télévision et adopte rapidement un nom de scène, en référence à son film préféré, Ouragan sur le Caine (1954) de Edward Dmytryk.  C\'est en 1956 qu\'il fait ses débuts au cinéma, dans Commando en Corée de Julian Amyes. Après une quinzaine d\'apparitions, il se retrouve enfin en haut de l\'affiche avec Zoulou (1964) de Cy Endfield. Mais c\'est l\'année suivante qu\'il connaît la consécration pour Ipcress, danger immédiat (1965), film d\'espionnage dans lequel il interprète Harry Palmer, un agent secret à l\'opposé de James Bond. Il reprendra ce rôle dans Mes funérailles à Berlin et Un cerveau d\'un milliard de Dollars. A la même époque, l\'acteur assoit définitivement sa notoriété avec Alfie, le dragueur, une prestation de séducteur pour laquelle il reçoit une nomination aux Oscars, puis avec Que vienne la nuit d\'Otto Preminger, aux côtés de Jane Fonda.  A partir des années 70, Caine tourne davantage aux Etats-Unis sans pour autant devenir une grande star hollywoodienne. Soldat anglais combattant aux Nouvelles Hébrides pendant la Deuxième Guerre mondiale dans Trop tard pour les héros (1970), il est un gangster réclamant vengeance dans La Loi du milieu (1971), un coiffeur piégé par le mari de sa maîtresse dans Le Limier (1972) ainsi qu\'un chasseur de trésor dans L\'Homme qui voulut être roi (1975). Durant la décennie suivante, Michael Caine continue de tourner à un rythme effréné. Parmi ses performances marquantes : celles d\'un psychiatre dans Pulsions (1980), d\'un dramaturge mal intentionné dans Piège mortel (1982) ou d\'un entraîneur de football dans un camp de prisonniers allemand dans A nous la victoire (1981) de John Huston.  Frôlant l\'Oscar pour L\'Education de Rita en 1984, Michael Caine remporte la fameuse statuette en 1987 en donnant la réplique à Mia Farrow dans Hannah et ses soeurs de Woody Allen. Capable d\'autodérision, il se montre également à l\'aise dans la comédie, enchaînant C\'est la faute à Rio (1984), Le Plus escroc des deux (1988) et Elémentaire, mon cher... Lock Holmes la même année, dans lequel il campe un Sherlock Holmes plutôt inhabituel. En 1995, il tourne coup sur coup deux films dans lesquels il reprend le rôle d\'Harry Palmer : Bullet to Beijing de Georges Mihalka et Midnight in St Petersburg de Douglas Jackson.  On le voit ensuite aux côtés de Jack Nicholson dans Blood and wine (1996), d\'Ewan McGregor dans Little voice (1998) et de Geoffrey Rush dans Quills - la plume et le sang (2000). Cette même année, il remporte un deuxième Oscar, toujours pour un second rôle, grâce à L\'Oeuvre de Dieu, la part du diable de Lasse Hallström. Acteur vétéran, la jeune génération le réclame comme partenaire de jeu : Sandra Bullock pour Miss Détective (2001), Mike Myers pour Austin Powers dans Goldmember (2002) et Brendan Fraser pour Un Américain bien tranquille (2003). Norman Jewison le dirige même en ancien tortionnaire nazi dans le thriller Crime contre l\'Humanité en 2003.  Père de Nicolas Cage dans The Weather Man, Michael Caine se spécialise, depuis quelques années, dans les rôles de mentor, que ce soit dans l\'adaptation de la série Ma sorcière bien-aimée, Les Fils de l\'homme d\'Alfonso Cuaron, ou dans Batman Begins dans lequel il reprend le rôle du majordome de Bruce Wayne/Batman, Alfred Pennyworth (tenu, avant lui, par Michael Gough), et collabore pour la première fois avec Christopher Nolan et Christian Bale, qu\'il retrouve ensuite à l\'occasion du Prestige et de The Dark Knight, suite des aventures de l\'homme chauve-souris. Opposé à Laurence Olivier dans Le Limier, en 1972, l\'acteur reprend en 2008 le rôle tenu par ce dernier, dans le remake réalisé par Kenneth Branagh, tandis que Jude Law se glisse, pour la seconde fois après Irrésistible Alfie, dans la peau d\'un personnage créé par Michael Caine.  En 2011, il retourne à un style de personnage solitaire et revanchard, comme dans ses jeunes années, pour le violent vigilante Harry Brown, après avoir retrouvé Christopher Nolan dans l\'impressionnant Inception (2010), film culte mélangeant le thriller et la science-fiction, avec Leonardo DiCaprio et Marion Cotillard en têtes d\'affiche. Malgré une petite expérience en 2005 pour le jeu vidéo Batman Begins, le comédien s\'essaye véritablement pour la première fois au doublage avec deux films : Gnomeo et Juliette et Cars 2 des studios Pixar. Après une petite incursion chez Jules Verne pour Voyage au centre de la Terre 2 : L\'île mystérieuse, il reprend son rôle d\'Alfred Pennyworth en 2012 dans The Dark Knight Rises, dernier volet de la mythique trilogie Batman, toujours réalisé par Christopher Nolan. ', '1933-03-14', NULL),
(34, 'Thierry Lhermitte', 'assets/medias/personnes/Thierry_Lhermitte.jpg', 'Avec ses amis du Lycée Pasteur de Neuilly, Michel Blanc, Gérard Jugnot et Christian Clavier, Thierry Lhermitte suit des cours d\'art dramatique parallèlement à des études d\'économie. C\'est avec ces derniers et les demoiselles Balasko et Chazel qu\'il fonde la troupe comique du Splendid. Après avoir décroché quelques petits rôles dans de nombreux films, dont Que la fête commence (1974) et Des enfants gâtés (1977), tous deux réalisés par Bertrand Tavernier, le beau gosse de la bande connaît avec ses amis ses premiers succès en 1978-1979 dans Les Bronzés, l\'adaptation de la pièce du Splendid Amour, coquillages et crustacés, et sa suite \"hivernale\" Les Bronzés font du ski.   Malgré la \"dissolution\" de la joyeuse équipe après les cartons du Père Noël est une ordure (1982) et de Papy fait de la résistance (1983) et ce jusqu\'aux retrouvailles des Bronzés 3 amis pour la vie (2006), Thierry Lhermitte prend plaisir, tout au long de sa carrière, à donner la réplique à ses éternels complices dont Josiane Balasko (Nuit d\'ivresse, L\'Ex femme de ma vie) et Gérard Jugnot avec qui il forme les tandems de La Fiancée qui venait du froid (1983), Les Rois du gag (1985) et Trafic d\'influence (1999). Au début des années 80, il s\'essaie au registre dramatique avec Stella (1983) et deux polars signés Serge Leroy : Légitime violence (1982) et L\'Indic (1983). Usant de son physique de playboy, il séduit Isabelle Adjani dans Clara et les chics types (1981), joue les détectives privés dans Un été d\'enfer (1984) et promet Le Mariage du siècle à Anémone en 1985.   Thierry Lhermitte accroît sa cote de popularité avec quelques comédies majeures comme la trilogie Les Ripoux (1984-2003), La Totale (1990) qui fait l\'objet d\'un remake américain avec True lies, Un Indien dans la ville (1994) ou encore Le Dîner de cons (1998), adaptation de la célèbre pièce de Francis Veber qui attire en salles plus de 9 millions de spectateurs. Ces gros succès publics contrastent toutefois avec les échecs commerciaux rencontrés par Les Soeurs Soleil (1996), Le Prince du Pacifique (2000), Mauvais esprit (2003) et L\'Américain (2004). En 2002, il prend officiellement position en faveur de la loi Hadopi destinée à lutter contre le piratage des œuvres, puisqu’il devient administrateur de Trident Media Guard (TMG), l\'un des prestataires choisis par le gouvernement pour la mise en œuvre de cette loi.   La cinquantaine fringante, il ne perd rien de son pouvoir de séduction comme en témoignent ses prestations aux côtés de Claire Keim dans Le Roman de Lulu (2000), Kate Hudson dans Le Divorce (2003) et Elsa Zylberstein dans Qui perd gagne ! (2004). Il se montre également surprenant en détective à la dérive dans les très noirs Une affaire privée (2002) et Cette femme-là (2003) de Guillaume Nicloux.   Du drame à la comédie, Thierry Lhermitte s\'essaie aux différents genres du cinéma, mais c\'est surtout dans le registre de l\'humour qu\'il récolte ses plus grandes réussites. En effet, en 2005, le film Les Bronzés 3 amis pour la vie crée l\'événement en réunissant pour la première fois depuis de nombreuses années la troupe du Splendid. Après quelques seconds rôles au cinéma, c\'est à la télévision que Thierry Lhermitte décide de faire son retour en janvier 2011 dans la série Doc Martin. L\'année suivante, le comédien revient au grand écran dans le drame Le Noir (Te) Vous Va Si Bien de Jacques Bral.   En 2013, l\'acteur campe avec brio un ministre dans la comédie Quai d\'Orsay de Bertrand Tavernier aux côtés du très à la mode Raphaël Personnaz. Un rôle principal qui lui vaut les faveurs du public et des critiques. Après le très mal reçu film de potes Nos femmes (2015) de Richard Berry et la série policière Les Témoins se déroulant dans la très cinématographique ville côtière du Tréport, il surprend en se glissant dans la peau d\'un cadre supérieur basé à Montréal qui change de vie en devenant promeneur de chiens dans La Nouvelle vie de Paul Sneijder (2016). En 2016 toujours, Thierry Lhermitte mène la vie dure à son futur gendre Arthur Dupont dans Ma famille t\'adore déjà. ', '1952-11-24', NULL),
(35, 'Jacques Villeret', 'assets/medias/personnes/Jacques_Villeret.jpg', 'Formé au Conservatoire de Tours, puis de Paris, où il a comme professeur Louis Seigner, Jacques Villeret fait ses premières armes au théâtre (Occupe-toi d\'Amélie, Les Fourberies de Scapin). C\'est Yves Boisset qui le premier lui donne sa chance au cinéma, dans R.A.S. (1972).  Acteur de composition, Jacques Villeret incarnera très souvent le Français moyen, gentil personnage rondouillard assez naïf, souvent souffre-douleur. Acteur fétiche de Claude Lelouch, avec qui il tournera à huit reprises et qui lui offre ses premiers rôles importants dans Le Bon et les méchants(1976) et surtout Robert et Robert (1978), qui lui vaut un César du meilleur second rôle.  Jacques Villeret est pour la première fois en tête d\'affiche dans Bête mais discipliné (1979) de Claude Zidi, mais c\'est La Soupe aux choux (1981), où il incarne un drôle d\'extra-terrestre face à Louis De Funès, qui l\'impose définitivement aux yeux du grand public. S\'il interprète ensuite de nombreux rôles comiques (Papy fait de la résistance, Les Frères Pétard), il est à l\'aise dans tous les genres, que ce soit les films intimistes (Le Passe-montagne), historiques (Danton) ou plus dramatiques (Trois années). On peut également citer Garçon ! (1983) de Claude Sautet, Prénom Carmen (1984) de Jean-Luc Godard ou L\' Eté en pente douce (1987) de Gérard Krawczyk.  Au début des années 90, il prend un certain recul par rapport au cinéma, ne tournant aucun film pendant quatre ans. Il revient en 1996 avec Golden boy de Jean-Pierre Vergne, mais c\'est avec le rôle de François Pignon, qu\'il avait créé au théâtre, qu\'il revient sur le devant de la scène dans Le Diner de cons (1998) de Francis Veber. Ce sera un succès phénoménal (plus de 9 millions de spectateurs et un deuxième César pour Villeret), qu\'il enchaîne avec trois films de Jean Becker, Les Enfants du marais(1999) et Un crime au paradis (2000), et Effroyables jardins (2002).  Fidèle à son image de français moyen, il est un grand-père chargé de garder son petit fils perturbé par la disparition de sa mère dans le drame Malabar Princess, ou encore un père compréhensif mais lâche face dans Vipère au poing de Philippe de Broca. En 2004, il renoue avec la comédie avec L\' Antidote et l\'Iznogoud de Patrick Braoudé, où il incarne, face à Michaël Youn, le calife Haroun El Poussah. ', '1951-02-06', NULL),
(36, 'Francis Huster', 'assets/medias/personnes/francis-huster.jpg', 'C\'est la grand-mère de Francis Huster qui communique à son petit-fils sa passion pour le cinéma. Elève au lycée Carnot, il s\'inscrit au Conservatoire municipal du 17e arrondissement, puis au cours Florent et enfin au Conservatoire national. Aussitôt engagé à la Comédie Française, il joue les grands classiques comme Don Juan, Ruy Blas, Hamlet, et se tourne vers le cinéma à l\'aube des années 70.  Francis Huster apparaît pour la première fois à l\'écran dans La Faute de l\'abbé Mouret de Georges Franju. Suivent quelques petits rôles de jeunes premiers bellâtres dans Faustine et le bel été (1972), L\'Histoire très bonne et très joyeuse de Colinot trousse-chemise (1973) ou encore Lumière (1975). Dès 1976, grâce à Si c\'était à refaire, il entame avec le cinéaste Claude Lelouch une fructueuse collaboration qui se poursuivra avec cinq autres films : Un autre homme, une autre chance (1977), Les Uns et les autres (1980), Edith et Marcel (1983), Il y a des jours... et des lunes (1989) et Tout ça... pour ça ! (1992).  En 1981, Francis Huster quitte la Comédie Française pour s\'impliquer davantage dans le cinéma. Il tient ainsi le haut de l\'affiche du film d\'Elie Chouraqui Qu\'est-ce qui fait courir David ?, parabole sur une famille juive lors de l\'Affaire Dreyfus. Il enchaîne avec J\'ai épousé une ombre (1983) et Le Faucon (id.), film qui lui permet de s\'essayer au polar, avant de jouer à deux reprises sous la direction d\'Andrzej Zulawski, un réalisateur qu\'il admire, dans La Femme publique (1984) et L\'Amour braque (id.). Fort de cette expérience, Francis Huster se décide à mettre en scène son propre long métrage en 1986 : On a volé Charlie Spencer !, l\'histoire d\'un employé de banque aspirant à une autre vie.  A partir des années 90, ce dernier délaisse quelque peu le cinéma pour se produire sur les planches avec sa compagne Cristiana Reali, une de ses anciennes élèves au Cours Florent, et s\'investir davantage dans des séries télévisées à succès comme Terre indigo (1996), Le Grand patron (2000), Jean Moulin, une affaire française (2003) ou encore Zodiaque (2004) et Le Maître du Zodiaque (2006). En 1997, il fait une apparition très remarquée dans Le Dîner de cons grâce à son fou rire communicatif, puis se contente souvent de jouer son propre rôle au cinéma (Pourquoi (pas) le Brésil ?), celui d\'un professeur de théâtre (L\'Envol), d\'un comédien (Le Rôle de sa vie), voire même d\'un éternel séducteur (Comme t\'y es belle !). En 2008, il repasse derrière la caméra pour livrer Un homme et son chien, sa propre version de Umberto D., et surtout pour s\'offrir le come-back inespéré de Jean-Paul Belmondo au cinéma.', '1947-12-08', NULL),
(37, 'Lino Ventura', 'assets/medias/personnes/Lino_Ventura.jpg', 'Lino Ventura est né de parents italiens, et vient s’installer en France à l’âge de huit ans. Il effectue plusieurs métiers, avant de mener une brillante carrière comme lutteur, puis comme catcheur. Malheureusement, il est victime d’un accident au cours d’un combat, et se résigne à abandonner ce métier, se consacrant à l’organisation de combats. Il débute au cinéma pour Jacques Becker dans le rôle du jeune truand Angelo de Touchez pas au grisbi (1953). Dès lors, sa carrure et sa gueule sont repérées par les cinéastes, d’autant qu’il tient dans ce film honnêtement tête à Jean Gabin.    Le film est un tel succès que l\'ex-lutteur va suivre Jean Gabin, son complice d\'alors, sur plusieurs long-métrages. On les voit ainsi ensemble dans Razzia sur la chnouf (1954), Crime et Chatiment (1955), Le Rouge est mis et Maigret tend un piège (1957). Lino Ventura est alors abonné aux rôles de truands ou de policiers. Petit à petit, on commence à mettre un nom sur son visage, et le succès populaire arrive avec Le Gorille vous salue bien (1957). D\'ores et déjà starisé, il tourne avec Jean-Paul Belmondo en 1959 dans Classe tous risques. Un nouveau succès. Le triomphe ultime, Lino Ventura le trouve dans Un Taxi pour Tobrouk (1960).  Dès lors, « le Fauve » va changer de registre, et montrer qu’il peut aussi interpréter autre chose que les gros bras. Ainsi, il joue dans des drames, comme Le Bateau d\'Emile (1962), des comédies d’espionnage telles Les Tontons flingueurs (1963) ou des films d’aventures (Cent mille dollars au soleil avec Jean-Paul Belmondo, ou Les Aventuriers (1966) avec Alain Delon). Le personnage de Lino s’humanise. Jean-Pierre Melville va lui offrir deux rôles titres dans des classiques : Le deuxième souffle (1966) et L’armée des ombres (1969). La même année, il retrouve Gabinet Delondans Le Clan des Siciliens d’Henri Verneuil.  Alors que tout le monde pense que Ventura est un dur à la ville comme à l’écran, Lino se défend de cette image, et se montre très pudique. Du reste, il fuit les interviews et les questions sur sa vie privée. Les années 70 le montrent dans des rôles très différents, mais où il prouve tout son talent, renforcé par sa maturité d’acteur. A l’aise dans le film d\'aventure (L\' Aventure, c\'est L\'Aventure, 1972), la comédie pure (L\'emmerdeur, 1973), le drame (La Gifle, avec Isabelle Adjani) et le polar (Adieu poulet, 1975). Le talent de Ventura se bonifie avec le temps, et son face à face avec Michel Serrault dans Garde à vue (1980) est salué par la critique.  Ventura retrouve ses premières amours, le polar, avec Espion, lève-toi (1980) d’Yves Boisset, et tourne pour la télévision dans Les Misérables (1983), où il reprend le rôle de Jean Valjean, jadis tenu par son ami et mentor Jean Gabin. Cela lui vaut une nomination au César du meilleur acteur. Son dernier rôle marquant est celui du Général des Cent jours à Palerme de Giuseppe Ferrara. Il fait une apparition dans le film de Roger Hanin, La Rumba, et décède d’une crise cardiaque peu de temps après. Depuis 1966, il avait créé l’association Perce-Neige, ayant pour but de venir en aide à « l’enfance inadaptée ». Son décès subit à 68 ans, avec derrière lui plus de 75 films, le consacre comme une personnalité hors du commun, entre le dur-à-cuir et l’homme de cœur.', '1919-07-14', '1987-10-22'),
(38, 'Bernard Blier', 'assets/medias/personnes/Bernard_Blier.jpg', '', '1916-01-16', NULL),
(39, 'Francis Blanche', 'assets/medias/personnes/Francis_Blanche.jpg', ' Fils du comédien Louis Blanche, Francis Jean Blanche aborde le spectacle par l’écriture, il est le parolier de Charles Trénet et de la troupe des Branquignols - composée entre autres de Louis de Funès, Jean Lefebvre, Jean Carmet, Jacqueline Maillan et Michel Serrault. Poussé par son ami Charles Trénet, Francis Blanche fait ses débuts au cinéma en 1942 dans Frédérica de Jean Boyer. Mais c’est surtout sur les ondes que Francis Blanche se fait un nom, dès 1945 il se lance dans les feuilletons radiophoniques (Signé Furax) avec son compère Pierre Dac. En 1948, il est de retour sur grand écran dans L\'Assassin est à l\'écoute qu’il coécrit avec le metteur en scène Raoul André et dans lequel il tient son propre rôle. Parallèlement, il écrit et joue de nombreux sketches avec Pierre Dac, notamment le \"Parti d’en rire\", le parti de tous ceux qui n’ont pas pris de parti et \"Le Sâr Rabindranath Duval\", une parodie des numéros de music-hall de divination. En 1951, les deux hommes se donnent la réplique sur grand écran dans Une fille à croquer, une parodie du chaperon rouge, écrite par Francis Blanche et réalisée par son ami Raoul André.    Le comédien apparait en 1953 dans le film policier Minuit... Quai de Bercy aux côtés de Erich Von Stroheim et Madeleine Robinson avant de retourner à la comédie avec Faites-moi confiance de Gilles Grangier, avec lequel il coécrit le scénario. L’année suivante il reprend son rôle du ténor Garibaldo Trouchet dans l’adaptation au cinéma de la pièce des Branquignols, Ah ! les belles bacchantes. Le film, emmené par Louis de Funès, Robert Dhéry ou encore Colette Brosset, est un succès. En 1958 il fait la rencontre de Darry Cowl sur le tournage du film de Carlo Rim, Le Petit prof. Poursuivant les sketches avec Pierre Dac et les feuilletons et canulars radiophoniques, Francis Blanche connaît, au début des années 60, des déboires avec le fisc qui l’obligent à accepter toutes sortes de rôles. Il forme alors un duo avec Darry Cowl, qui pour sa part est accro au jeu. De 1958 à 1970, les deux hommes tourneront ensemble à 24 reprises dans des films aux titres divertissants : A pied, à cheval et en spoutnik, L\' Abominable homme des douanes, Poussez pas Grand-Père dans les Cactus, Les Malabars sont au parfum,… Par provocation, les réalisateurs lui offrent des rôles d’inspecteurs des impôts : dans Erotissimo de Gérard Pirès en 1968 et dans L\' Etalon de Jean-Pierre Mocky. Il prête ses traits, en 1967, à Monsieur Adolphe, le client de Catherine Deneuve dans Belle de Jour de Luis Buñuel.  Mais le trublion sait aussi se faire plus sérieux, il incarne un provincial mesquin dans La Jument verte de Claude Autant-Lara (1959), crève l’écran en officier de la Gestapo dans Babette s\'en va-t-en guerre de Christian-Jaque (1959), tient le rôle d’un procureur dans Le Septieme Juré de Georges Lautner (1962) ou joue un collabo dans Le Repas des fauves de Christian-Jaque (1964). Fidèle, il tourne à 3 reprises sous la direction de Christian-Jaque (Babette s\'en va-t’en guerre, La Tulipe noire, Le repas des fauves), se retrouve sept fois derrière la caméra de Georges Lautner, qui lui offre ses rôles les plus forts et les plus marquants. De l’oncle Absalon dans Des pissenlits par la racine à Gédéon dans La Grande Sauterelle en passant par les cultissimes Tontons flingueurs et Les Barbouzes. Il collabore à 9 reprises avec son ami Raoul André avec lequel il coécrit les scénarios de ses longs métrages. Le jeune Jean-Pierre Mocky est séduit par ce comédien et lui écrit entre 1960 et 1974 des rôles sur mesure dans 9 de ses films, parmi lesquels : Un Drôle de paroissien (1962), Les Vierges (1963), La Grande lessive (1968) ou encore Un Linceul n\'a pas de poches (1974). Marco Ferreri lui demande en 1971, d’écrire les dialogues du sulfureux La Grande bouffe, mais décide de les modifier complétement lors du tournage, en incitant les comédiens à improviser leurs dialogues. Le 6 juillet 1974, alors qu’il vient tout juste de terminer le tournage du film de Jean-Pierre Mocky, Un Linceul n\'a pas de poches, Francis Blanche décède à Paris, d’une crise cardiaque. ', '1921-07-21', NULL),
(40, 'Keanu Reeves', 'assets/medias/personnes/Keanu_Reeves.jpg', 'Keanu Reeves passe son enfance en Australie jusqu\'au divorce de ses parents. Il part alors à New York, puis à Toronto, au Canada, avec sa mère et ses deux soeurs. Abandonnant les études pour s\'orienter vers le métier de comédien, il fait ses débuts à la télévision dans la série Going great (1982), puis au cinéma dans des productions canadiennes comme de Robert Fortier (1985).   Parallèlement à sa carrière d\'acteur, Keanu Reeves se passionne pour le hockey sur glace, une discipline sportive qui lui permet de décrocher un petit rôle dans Youngblood de Peter Markle, aux côtés de Patrick Swayze et Rob Lowe. Après ce succès d\'estime, il alterne les genres cinématographiques, s\'illustrant notamment dans Les Liaisons dangereuses de Stephen Frears et incarnant un tueur psychopathe dans Je t\'aime à te tuer. En 1991, Keanu Reeves connaît la gloire grâce à son rôle de policier-surfeur dans le film d\'action Point Break, pour lequel il retrouve Patrick Swayze. Devenu une valeur sûre d\'Hollywood, il tente d\'échapper à l\'image de jeune premier qui lui colle à la peau. Voulant acquérir la reconnaissance de ses pairs, il tourne sous la direction de réalisateurs renommés : Gus Van Sant (My Own Private Idaho), Francis Ford Coppola (Dracula), Kenneth Branagh (Beaucoup de bruit pour rien) ou encore Bernardo Bertolucci (Little Buddha).   En 1994, le blockbuster d\'action Speed, dont il partage l\'affiche avec Sandra Bullock, le consacre superstar. Cet énorme succès public est suivi de quelques échecs commerciaux dont Johnny Mnemonic, Les Vendanges de feu ou encore le thriller d\'action Poursuite. Malgré tout, Keanu Reeves refuse de jouer dans Speed 2 : Cap sur le danger et préfère partir en tournée avec son groupe de rock The Dogstar, avant d\'être le partenaire d\'Al Pacino dans L\'Associé du diable, un thriller qui revisite la légende de Faust. Le révolutionnaire film de science-fiction Matrix des frères Wachowski, en 1999, donne un nouveau souffle à sa carrière. L\'acteur réprendra son rôle de Neo dans les deux suites, Matrix reloaded et Matrix revolution.   A partir de 2000, il décide de jouer les bad guys en interprétant un tueur en série dans The Watcher ainsi qu\'un mari violent dans Intuitions. Mais il se montre aussi à l\'aise dans des rôles plus classiques, à la fois entraîneur d\'une jeune équipe de base-ball dans Hardball ou séducteur dans Tout peut arriver. Après avoir retrouvé l\'univers de la science-fiction avec Constantine et A Scanner Darkly, Keanu Reeves est en 2008 à l\'affiche du thriller Au bout de la nuit, où il incarne un flic aux méthodes douteuses, aux côtés de Forest Whitaker. La même année, on le retrouve de nouveau dans un film de science-fiction, Le Jour où la Terre s\'arrêta, dans lequel il joue un extra-terrestre porteur d\'un message de paix pour l\'humanité.   Continuant à jongler avec différentes types de personnages, il apparait dans la comédie dramatique Les Vies privées de Pippa Lee en 2009, ainsi que dans le thriller de série B Braquage à New York. En 2013, Keanu Reeves passe à la réalisation et retrouve son amour des arts-martiaux avec Man of Tai Chi. Le film est coproduit par la Chine et tourné sur place par Reeves. Il y partage la vedette avec Tiger Hu Chen, un ancien cascadeur de la trilogie Matrix.   Loin de délaisser par cette nouvelle carrière l\'actorat, on retrouve Keanu Reeves dans un univers japonais fantastique médiéval et non plus chinois contemporain. Personnage central du film jouant entre kung-fu et wu xia pian, il doit pourtant partager la vedette avec un panel d\'acteurs japonais des plus renommés dont Hiroyuki Sanada et Tadanobu Asano.   En 2014, Keanu Reeves renoue avec le succès grâce au personnage de John Wick, ancien tueur à gages reprenant du service après que son chien se soit fait assassiner. Ce film réalisé par Chad Stahelski (célèbre cascadeur ayant doublé Reeves à plusieurs reprises) est un succès et donne lieu à une suite qui sort début 2017. Parallèlement, l\'acteur fait l\'erreur d\'ouvrir sa porte à deux superbes jeunes femmes mal intentionnées dans Knock Knock et campe un gérant d\'hôtel pervers dans The Neon Demon.', '1964-09-02', NULL),
(41, 'Laurence Fishburne', 'assets/medias/personnes/Laurence-Fishburne.jpg', 'Laurence Fishburne passe son enfance à Brooklyn et tient, à l\'âge de dix ans, son premier rôle au théâtre dans la pièce In My Many Many Names And Days. Il joue adolescent dans quelques téléfilms, avant de rejoindre dès ses 18 ans le tournage d\'Apocalypse Now (1979) de Francis Ford Coppola. Il retrouvera le réalisateur à trois reprises pour les drames Rusty James (1983), Cotton Club (1984) et Jardins de Pierre (1987), mais il ne figurera jamais en tête d\'affiche. Autre film mémorable à son actif : La Couleur pourpre de Steven Spielberg en 1985.  Le début des années 90 est synonyme de révélation pour le comédien, qui incarne tout d\'abord le mentor Furious Style dans Boyz\'n the Hood, la loi de la rue en 1991 et le chanteur-guitariste Ike Turner, mari violent de la star Tina Turner, dans le biopic de l\'artiste emmené par Angela Bassett en 1993. Une performance qui lui permet de décrocher une nomination à l\'Oscar du Meilleur acteur l\'année suivante. Très marqué par ses anciennes expériences théâtrales, Laurence Fishburne accepte en 1995 de jouer le rôle-titre d\'Othello d\'Oliver Parker.  Habitué aux personnages charismatiques, autoritaires voire caractériels, l\'acteur se fait également remarquer en campant un shérif pour le moins brutal dans le thriller Juste cause (1995), le légendaire gangster noir Bumpy Johnson dans Les Seigneurs de Harlem (1997) de Bill Duke, ou encore un caïd dont la tête est mise à prix dans le remake du classique de John Carpenter, Assaut sur le central 13 (2005). Mais l\'une de ses prestations les plus marquantes pour le grand public reste celle du sage Morpheus dans la trilogie Matrix (1999-2003). Avec un physique taillé pour l\'action, le comédien continue dans ce registre en prêtant main forte à Tom Cruise dans M : i : III (2006).  En 2007, Fishburne prête sa voix pour TMNT les tortues ninja et Les 4 Fantastiques et le Surfer d\'Argent, avant de revenir aux rôles de personnages teigneux et menaçants, comme dans Las Vegas 21, où il interprète un impitoyable agent de sécurité, et Blindés, dans lequel il se glisse dans la peau d\'un convoyeur de fonds meurtrier. Privilégiant toujours les films d\'action, l\'acteur fait à nouveau équipe avec le metteur en scène Nimrod Antal pour Predators en 2010. Dans cette suite de Predator (1987) et Predator 2 (1990), il prête ses traits à un membre de commando qui compte bien donner du fil à retordre aux fameuses créatures.  Comme beaucoup d\'acteurs de son calibre, Laurence Fishburne goûte également aux joies du petit écran et ses séries de qualité. Ainsi, il incarne le Docteur Raymond \"Ray\" Langston dans 61 épisodes des Experts, l\'agent spécial chevronné Jack Crawford dans Hannibal ou encore Nelson Mandela dans la mini-série Madiba.   Côté cinéma, le comédien joue un docteur dans Contagion, cherche à survivre dans un monde post-apocalyptique dans The Colony, se glisse dans la peau de Perry White, le patron de Clark Kent et allié de Superman dans Man of Steel et Batman v Superman: L\'aube de la justice, puis retrouve Keanu Reeves dans l\'explosif John Wick 2. Début 2018, Laurence Fishburne campe dans Last Flag Flying un vétéran de la Guerre du Viêt Nam qui, en compagnie de deux de ses frères d\'armes qu\'il retrouve trente ans plus tard, entreprend un road trip pour se rendre aux funérailles du fils de l\'un d\'entre eux mort en Irak. ', '1961-07-30', NULL),
(42, 'Carrie-Anne Moss', 'assets/medias/personnes/Carrie-Anne_Moss.jpg', 'Carrie-Anne Moss fait ses études à l\'American Academy of Dramatic Arts de Pasadena en Californie et décide à l\'âge de 20 ans de partir pour l\'Europe poursuivre une carrière de mannequin. Avant de percer sur grand écran, elle apparaît dans plusieurs séries télévisées dont Dark Justice (1991) et une série de science-fiction ironiquement intitulée Matrix (1993).  Elle fait ses débuts au cinéma dans Flashfire (1993), un thriller avec Billy Zane. Se succèdent The Soft Kill (1994) et Lethal Tender (1997), qui mêlent le thriller à l\'action, son genre de prédilection.  Son rôle de Trinity dans la célébrissime trilogie Matrix (de 1999 à 2003) des frères Andy et Larry Wachowski, lui apporte la gloire. Elle enchaîne avec un autre film d\'action, New Blood (1999), avant de changer de registre pour Le Chocolat en 2000. Dans cette romance, elle incarne Caroline Clairmont, une mère très protectrice qui s\'oppose à Juliette Binoche. Il s\'agit d\'une année chargée pour l\'actrice, puisqu\'elle se retrouve également au générique de la comédie The Crew, et participe au thriller Memento, grâce auquel elle décroche un Independent Spirit Award. Elle retourne la même année vers la science-fiction avec Planète rouge aux côtés de Val Kilmer.  Les années suivantes, son personnage de Trinity dans Matrix la poursuit puisqu’elle l’interprète à nouveau, mais cette fois pour le doublage de la série animée Animatrix (2003). Carrie-Anne continue également à travailler sur différents projets, notamment sur des films indépendants tels que Génération Rx (2005) avec Ralph Fiennes et Glenn Close, et Sex, Lies & Murder (2006) avec Alec Baldwin et Luke Wilson. L’actrice apparaît face à Shia LaBeouf dans Paranoiak (2007), et dans No Limit (2010) avec Samuel L. Jackson et Michael Sheen. Véritable icône du cinéma au début des années 2000, l\'actrice se fait aujourd\'hui plus discrète et tente de changer son image de \"Trinity\". Plus récemment, elle participe à une nouvelle grosse production avec Silent Hill : Revelation (2012), où elle interprète Claudia Wolf, une diabolique et terrifiante prêtresse.', '1967-08-21', NULL),
(43, 'Arnold Schwartzenegger', 'assets/medias/personnes/Anrold_Schwarzenegger.jpg', 'Ayant grandi dans le village autrichien de Thal, Arnold Schwarzenegger se livre aux joies du culturisme dès l\'âge de quatorze ans, pour devenir un champion de musculation et ainsi pallier une santé fragile. Très rapidement, il devient une référence du body-building et remporte le titre de Monsieur Univers à vingt ans, récompense qu\'il obtiendra à six autres reprises durant sa carrière de sportif.  Installé aux États-Unis, Arnold Schwarzenegger veut réaliser un autre de ses rêves - devenir acteur -, cependant ses débuts à l\'écran ne sont pas fracassants. Il apparaît pour la première fois au cinéma dans Hercule à New York (1969), mais il est doublé en raison de son fort accent autrichien. Il est également contraint de changer de nom et de prendre un pseudonyme : Arnold Strong. La même année, il manque de peu le rôle-titre de la série télévisée L\'Incroyable Hulk au profit d\'un autre monsieur muscle, Lou Ferrigno. Il se contente alors de faire de la figuration dans Le Privé (1973) pour décrocher son premier véritable rôle dans Stay hungry (1976). Sa prestation de body-builder lui vaut alors le Golden Globe 1977 du Meilleur Espoir Masculin.  Mais c\'est en 1982 qu\'Arnold Schwarzenegger acquiert ses premiers galons de star avec Conan le barbare de John Milius. Ce succès se confirme deux ans plus tard avec sa prestation de cyborg impitoyable dans Terminator (1984) de James Cameron. Dès lors, il enchaîne les rôles physiques et apparaît comme le principal rival de Sylvester Stallone dans le registre de l\'action. Dans les années 80, il est tour à tour ancien combattant d\'élite dans Commando (1985), agent du FBI limogé pour brutalité dans Le Contrat (1986), leader d\'un commando de mercenaires dans Predator (1987), candidat malgré lui d\'un jeu télévisé futuriste dans Running man la même année, ou encore officier de police russe dans Double détente (1988).  Parallèlement aux films d\'action, qui amorcent leur déclin, Arnold Schwarzenegger s\'essaie à la comédie. Même si ses prestations dans Jumeaux (1988), Un flic à la maternelle (1990), Junior (1994) et La Course au jouet (1996) ne sont pas des plus convaincantes, le succès est néanmoins au rendez-vous. Dans les années 90, \"Schwarzy\" est l\'un des rares acteurs à être payé vingt millions de dollars par film. Il enchaîne alors les blockbusters de qualité et tourne sous la direction des maîtres du genre : Paul Verhoeven (Total recall, en 1990), James Cameron (Terminator 2 : le jugement dernier, 1991 et True lies, 1994), ou encore John McTiernan (Last action hero, 1993).  Mais dans la deuxième moitié des années 90, avec l\'émergence d\'une nouvelle génération d\'action heroes (Bruce Willis, Keanu Reeves et Nicolas Cage), l\'acteur connaît une traversée du désert amorcée par les échecs commerciaux de L\' Effaceur et de Batman & Robin. En 1999, Arnold Schwarzenegger surfe sur la vague du surnaturel et du fantastique avec La Fin des temps de Peter Hyams. Ce virage sur grand écran se confirme avec deux films au succès très mitigé : A l\'aube du 6ème jour (2000), dans lequel il donne la réplique à son propre clone, et Dommage collatéral (2001), où il traque des terroristes colombiens. En 2003, il reprend son rôle-fétiche de T-800 pour les besoins de Terminator 3 : le soulèvement des machines, dernier volet de la célèbre trilogie de science-fiction, signé Jonathan Mostow. L\'année suivante, il est élu Gouverneur de Californie et après un petit rôle dans Le Tour du monde en 80 jours, il abandonne provisoirement sa carrière d\'acteur.  Après deux mandats à la tête de l’État de Californie, le grand retour de \"Schwarzy\" se fait en 2010 et de la plus belle des manières : il apparaît ainsi dans le musclé Expendables : unité spéciale, de son ami Sylvester Stallone, pour une scène avec ce dernier et une autre légende du cinéma d\'action, Bruce Willis. Un retour à l\'écran, et aux sources, qu\'il confirme deux ans plus tard avec sa participation à l\'explosif Expendables 2, qui voit son casting s\'enrichir d\'autres vétérans du cinéma d\'action : Chuck Norris, Jean-Claude Van Damme.', '1947-07-30', NULL),
(44, 'Linda Hamilton', 'assets/medias/personnes/LindaHamilton.jpg', '  Linda Hamilton se passionne très tôt pour le théâtre et commence à jouer dans des pièces de théâtres lors de sa scolarité.  La future comédienne décide d’embrasser son destin en allant étudier à New York dans le célèbre Lee Strasberg Theatre Institute. Après ses études, n’arrivant pas à percer au théâtre, Linda s’envole pour Los Angeles afin de tenter sa chance au cinéma. C’est pourtant sur le petit écran que l’actrice débute avec des apparitions dans Shirley, Secrets of Midland Heights, King’s Crossing ou Capitain Furillo. La jeune femme s’illustre également dans des téléfilms et fait parler son talent dramatique qui ne va pas tarder à être remarqué par le grand écran.  En 1982, l’ascension de Linda Hamilton connaît un coup d’arrêt brutal. Son manager l’escroque de près de 100.000 dollars et l’actrice se trouve complètement ruinée. Elle bascule dès lors dans l’enfer de l’alcool et de la cocaïne et mettra près de 3 ans à se débarrasser de ses addictions.  La belle et talentueuse Linda voit son abnégation récompensée en 1984 avec l’obtention du rôle de Sarah Connor dans Terminator de James Cameron aux côtés d’Arnold Schwarzenegger. Le film est un immense succès et propulse Linda au rang de star internationale. La comédienne enchaîne ensuite les tournages, autant sur grand que sur petit écran. Elle tourne notamment Les Démons du maïs, Sans issue, King Kong 2 et Monsieur Destinée au cinéma puis prête ses traits à un autre personnage devenu culte, celui de Catherine Chandler dans la série populaire La Belle et la Bête aux côtés de Ron Perlman. Elle y officie 3 saisons durant.  En 1991, James Cameron fait à nouveau appel à elle pour reprendre son rôle cultissime de Sarah Connor dans Terminator 2, toujours en compagnie de Schwarzy. Pour incarner à nouveau la mère de John Connor, Linda suit un entraînement intensif afin de se muscler et sculpter son corps. En effet, Sarah n’est plus la jeune femme timide et apeurée du premier opus mais est devenue par la force des choses une femme forte et déterminée. Terminator 2 est un carton monumental et reste encore considérée aujourd’hui comme le meilleur film d’action de tous les temps. Linda Hamilton devient une icône et sa célébrité est à son paroxysme. Après cet immense succès, la comédienne fait une pause afin de ne pas se laisser enfermer dans le même type de rôle. De plus, elle a entamé une relation avec le cinéaste James Cameron et lui donnera une fille en 1993, Josephine.  Linda revient au cinéma en 1994 avec le thriller Silent Fall puis renoue avec le film d’action dès 1996 avec Haute trahison aux côtés de Charlie Sheen et Le Pic de Dante, film catastrophe où elle donne la réplique à Pierce Brosnan. L’année suivante, la comédienne tourne dans un téléfilm remarqué, La Couleur du courage dans lequel son personnage se lie d’amitié avec une jeune femme noire et suscite l’ire d’un quartier majoritairement blanc.  Par la suite, la vie privée de Linda va la tenir éloignée des plateaux quelques temps. En effet, elle divorce de James Cameron avec pertes et fracas suscitant un engouement médiatique autour du couple phare d’Hollywood. Quelques années après, le cinéaste et la comédienne renouent des liens d’amitié, ce qui poussera Linda à refuser de jouer dans Terminator 3 car Cameron n’était pas à la réalisation. Elle estimait également que le personnage de Sarah Connor ne tenait plus une place primordiale dans l’histoire.  Linda Hamilton tourne ensuite dans des productions sans grande envergure, s’éloignant de plus en plus du star system pour se consacrer à sa famille. On peut la voir notamment dans Missing in America en 2005 aux côtés de Danny Glover ou les drames Pour vivre un grand amour et Broken en 2006.  La comédienne accepte en 2009 de reprendre son rôle de Sarah Connor pour Terminator Renaissance mais seulement en tant que voix-off. Elle consacre ensuite son temps à quelques apparitions dans des séries TV populaires comme Chuck dans laquelle elle incarne la mère du héros incarné par Zachary Levi, Weeds, Lost Girl ou Defiance.', '1956-09-26', NULL),
(45, 'Edward Furlong', 'assets/medias/personnes/Edward-Furlong.jpg', 'En 1991, alors qu\'il ne possède pas l\'ambition de devenir comédien, le jeune Edward Furlong est contacté par un agent artistique pour tenir le rôle de John Connor dans Terminator 2 : le jugement dernier, au côté d\'Arnold Schwarzenegger. Agé de seulement 14 ans, il accède alors très vite à la renommée et enchaîne les projets. Il s\'illustre consécutivement dans le film d\'horreur Simetierre 2, le film policier American heart et le thriller Little Odessa.  En 1996, l\'Américain figure au générique du thriller Before and After, réalisé par Barbet Schroeder, puis tente une incursion dans la comédie en tenant la vedette du Pecker de John Waters. En 1998, il incarne le jeune frère d\'Edward Norton dans American History X avant d\'accompagner Willem Dafoe et Steve Buscemi dans la prison d\'Animal Factory.  En 2002, Edward Furlong est à l\'affiche d\'Une souris verte..., thriller signé par Mathias Ledoux dans lequel il côtoie Emilia Fox et Elsa Zylberstein. Gâchée par la consommation de drogues et d\'alcool, sa carrière se limite alors peu à peu à des participations dans des films horrifiques à petit budget: il tourne notamment The Crow : Wicked Prayer, croise la route d\'Uwe Boll à deux reprises dans Stoic et Darfur et obtient un rôle récurrent dans Les Experts : Manhattan (saisons 3 et 6). Sa participation à The Green Hornet de Michel Gondry en 2010 apporte néanmoins un peu de crédit à une carrière en chute libre. ', '1977-08-02', NULL);
INSERT INTO `personnes` (`id`, `nom_personne`, `portrait`, `biographie`, `birth_date`, `death`) VALUES
(46, 'Liam Neeson', 'assets/medias/personnes/Liam_Neeson.jpg', 'Conducteur de chariot élévateur chez Guinness, chauffeur routier, assistant architecte, boxeur amateur et même enseignant : Liam Neeson se sera essayé a beaucoup de métiers différents avant de se diriger vers le spectacle. C\'est sur les planches qu\'il intègre le milieu, à 24 ans, puis fait ses débuts sur grand écran en 1981, à l\'âge de 29 ans, dans Excalibur de John Boorman. Suivront une grande variété de rôles, aussi bien au cinéma qu\'à la télévision, au cours des années 80. Mais la reconnaissance publique, elle, se fait attendre, malgré des présences conjuguées aux castings du Bounty, ou de Mission de Roland Joffé (1986).    Comme tout vient à point à qui sait attendre, la notoriété arrive en 1987, grâce à Suspect dangereux, où Liam Neeson interprète un sans-abri sourd-muet, accusé de meurtre. Ses prestations dans Darkman de Sam Raimi (1990) ou dans Maris et femmes de Woody Allen (1992) lui valent d\'obtenir le rôle principal de La Liste de Schindler de Steven Spielberg, pour lequel il est nommé à l\'Oscar du Meilleur Acteur. Suite à cette performance, Hollywood se plaît à voir en lui l\'archétype de l\'homme révolté, comme le prouvent les rôles de Michael Collins et de Jean Valjean, qu\'il tient respectivement dans Michael Collins et la version des Misérables signée Bille August, en 1998.  Titulaire du sabre laser du Maître jedi Qui-Gon Jinn dans la galaxie très très lointaine de Star Wars Episode 1: La menace fantôme de George Lucas, et psychologue dans le remake de Hantise, Liam Neeson campe ensuite un officier russe dans le film d\'action K-19 : le piège des profondeurs (2002), avant de rejoindre Leonardo DiCaprio et Daniel Day-Lewis au sein de la distribution du Gangs of New York de Martin Scorsese.  Au casting de la comédie britannique Love actually (2003) de Richard Curtis, il revient ensuite sous les traits du Dr Kinsey, premier scientifique à s\'être intéressé aux mœurs sexuelles américaines, en 2005, année au cours de laquelle il est à l\'affiche de trois superproductions très attendues : Batman begins de Christopher Nolan, dans lequel il dispense son savoir à Bruce Wayne sous les traits de Ra\'s Al Ghul, Kingdom of Heaven, l\'épopée médiévale de Ridley Scott, ainsi que le premier volet du Monde de Narnia, dans lequel il prête sa voix au lion Aslan. Un rôle qu\'il retrouve en 2008, à l\'occasion du Monde de Narnia : chapitre 2 - Prince Caspian, après s\'être illustré au casting de Breakfast on Pluto (2006), aux côtés de Cillian Murphy, puis dans le film d\'action Taken, devant la caméra du Français Pierre Morel.  Après le succès colossal du trépidant Taken, qui rapporte près de dix fois ce qu\'il avait coûté, Liam Neeson change de registre en interprétant un mari jaloux dans The Other Man, mis en images par Richard Eyre. En 2010, il reste dans la thématique de l\'adultère en jouant le mari infidèle de Julianne Moore dans Chloe (Atom Egoyan). Cette même année commence très fort pour l’acteur, puisqu’il est à l’affiche de deux superproductions : Le Choc des Titans de Louis Leterrier, un film sur la mythologie grecque dans lequel il prête ses traits à Zeus, et réalisé par Joe Carnahan (Narc), l’adaptation cinématographique de la série éponyme des années 1980.  Au fil des ans, Liam Neeson est de plus en plus sollicité pour incarner des hommes d\'action, archétypes virils du mari protecteur, du vengeur ou encore du survivant à toute épreuve. Ainsi, en quelques années, il est tantôt agent secret dans Sans identité, tantôt aventurier téméraire dans Le Territoire des Loups, où il devient le chef d\'un groupe d\'hommes traqués par des loups affamés. Puis il hérite une seconde fois de la foudre du dieu tout-puissant Zeus dans La Colère des Titans, avant de jouer un amiral aux gros bras dans le film de science-fiction Battleship, pour enfin clore l\'année 2012 en affrontant une bande de terribles mafieux dans Taken 2.  La soixantaine passée, l\'acteur n\'en a vraisemblablement pas fini avec les thrillers et l\'action, comme en témoignent Non-Stop, A Walk Among The Tombstones, Tak3n et Night Run. Entre ces films, il est à l\'affiche de la comédie déjantée Albert à l\'ouest de et avec Seth MacFarlane. En 2016, Liam retrouve le légendaire réalisateur Martin Scorsese, 14 ans après Gangs of New York. Il incarne le Père Ferreira dans Silence, un projet que le cinéaste voulait porter à l\'écran depuis 30 ans. L\'acteur renoue ensuite avec l\'action dans The Passenger de Jaume Collet-Serra. Il s\'est également glissé dans l\'uniforme du Général Douglas MacArthur dans Memories of War, un film de guerre de John H. Lee. ', '1952-06-07', NULL),
(47, 'Ben Kingsley', 'assets/medias/personnes/Gary_Farmer.jpg', 'Formé au théâtre, pensionnaire de la Royal Shakespeare Company, Ben Kingsley débute au cinéma en 1972 dans Fear is the Key de Michael Tuchner. Après plusieurs téléfilms britanniques, dont Hard Labour de Mike Leigh, il décroche en 1982 l\'Oscar du Meilleur acteur pour son interprétation de Mahatma Gandhi, célèbre leader pacifiste de la Révolte Indienne, dans Gandhi, fresque historique de Richard Attenborough.  Spécialiste des biopics, notamment sur scène et à la télévision, Ben Kingsley s\'illustre sur grand écran en figurant aux génériques de nombreux films écrits par Harold Pinter, dont Trahison conjugale (1983). En 1987, il tourne Maurice, une romance signée James Ivory, puis ose, un an plus tard, la comédie parodique avec Elémentaire, mon cher... Lock Holmes, aux côtés de Michael Caine.  Acteur de composition, Ben Kingsley varie radicalement ses personnages de film en film : gangster notoire dans Bugsy (Barry Levinson, 1991), champion d\'échecs dans A la recherche de Bobby Fisher (1993), il est un ancien tortionnaire dans La Jeune Fille et la Mort (Roman Polanski, 1994) ou encore un scientifique dans La Mutante (1995). Mais pour le grand public, il reste surtout Itzhak Stern, le comptable juif de La Liste de Schindler de Steven Spielberg, réalisé en 1993.  A 59 ans, Ben Kingsley est à nouveau nommé aux Oscars pour son personnage de malfrat dans Sexy Beast de Jonathan Glazer. Sa popularité ne cesse de croître : Steven Spielberg fait ainsi à nouveau appel à lui pour qu\'il prête sa voix à l\'un des personnages de A.I. Intelligence artificielle (2001). On le voit ensuite à l\'affiche des Sentinelles de l\'air et de Suspect zero (2005), un thriller dans lequel il campe un énigmatique personnage aux côtés d\'Aaron Eckhart et de Carrie-Anne Moss. En 2005, Roman Polanski, onze ans après La Jeune Fille et la Mort, le dirige une nouvelle fois pour son Oliver Twist, adapté du roman de Charles Dickens dans lequel l\'acteur y interprète Fagin, personnage sombre et ambigu qui dirige une bande de jeunes voleurs.  En 2005 et 2006, il enchaine les seconds rôles mais cela ne l\'empêche pas d\'étendre son potentiel d\'acteur dans des films comme BloodRayne, Slevin ou Les Dix Commandements, dans lequel il prête sa voix en tant que narrateur, avant de jouer aux côtés de Colin Firth dans le film d\'action La Dernière légion en 2007. L\'année suivante, le réalisateur Jonathan Levine lui confie le premier rôle du Docteur Squires dans Wackness, comédie dramatique dont c\'est le premier scénario du réalisateur. Il campe ensuite un personnage plus sérieux et plus sombre dans Transsiberian, de Brad Anderson, avant d\'accepter également de donner la réplique à Jim Sturgess devant la caméra de la canadienne Kari Skogland, dans le thriller dramatique La Guerre de l\'ombre.  L\'année 2010 est celle où on le voit incarner, encore une fois un docteur, mais plus ambigu et davantage manipulateur face à Leonardo DiCaprio et Mark Ruffalo. Sous la direction de Martin Scorsese, Ben Kingsley y retrouve l\'actrice Emily Mortimer avec qui il avait déjà joué dans Transsiberian. Très bien accueilli par la presse et les spectateurs, Shutter Island est considéré comme le film de l\'année. Ben Kingsley continue sa carrière d\'acteur en acceptant des projets de courts métrages comme Aral. El mar perdido pour lequel il prête sa voix, ou des films indépendants avec Teen Patti, de la réalisatrice indienne Leena Yadav.  Le réalisateur Mike Newell lui propose le rôle de Nizam dans le film d\'action et d\'aventure à gros budget Prince of Persia : les sables du temps aux côtés de Jake Gyllenhaal et Gemma Arterton. Il retrouve ensuite Martin Scorsese en 2011 pour un projet des plus surprenants. En effet, le réalisateur américain s\'essaie au film pour enfants et en 3D avec Hugo Cabret, dans lequel il confie le personnage de Georges Méliès à l\'acteur britannique, dans le Paris des années 1930. Ben Kingsley partage l\'affiche avec le controversé et populaire Sacha Baron Cohen et l\'enfant Asa Butterfield. Toujours en 2011, il retrouve justement l\'humoriste Sacha Baron Cohen dans l\'hilarant The Dictator, puis change de registre l\'année suivante en incarnant le terrible méchant d\'Iron Man 3. ', '1943-12-31', NULL),
(48, 'Ralph Fiennes', 'assets/medias/personnes/Gary_Farmer.jpg', 'Issu d\'une famille nombreuse et célèbre, Ralph Fiennes est l\'aîné de six enfants: sa soeur, Martha Fiennes est notamment réalisatrice, et son frère Joseph Fiennes, est acteur, comme lui. Formé à la Royal Academy of Dramatic Arts (RADA), Ralph Fiennes commence sa carrière de comédien au théâtre. Il joue alors les classiques à la Royal Shakespeare Company et au Royal National Theatre. En 1990, il s\'oriente vers la télévision et le cinéma. Il tourne deux téléfilms, A dangerous man : Lawrence after Arabia (1990) et Prime suspect (1991), ainsi que son premier long métrage, Les Hauts de Hurlevent (1992), aux côtés de Juliette Binoche.  En 1993, Ralph Fiennes n\'hésite pas à prendre du poids pour interpréter l\'impitoyable officier nazi Amon Goeth dans La Liste de Schindler de Steven Spielberg. Ce rôle risqué le révèle au grand public et lui permet de remporter le BAFTA du Meilleur acteur dans un second rôle et une nomination à l\'Oscar du Meilleur second rôle masculin. Désormais en vue à Hollywood, il se glisse dans la peau d\'un intellectuel hautain pour les besoins de Quiz Show (1994) et d\'un trafiquant de drogue dans Strange days (1995), un film de science-fiction de Kathryn Bigelow. Mais c\'est son rôle de comte mélancolique dans Le Patient anglais (1996) qui lui vaut son plus grand succès critique. Ralph Fiennes est en effet nommé à l\'Oscar et au Golden Globe dans les catégories Meilleur acteur. Se renouvelant constamment, il s\'essaie pour la première fois au doublage pour le film d\'animation Le Prince d\'Egypte en 1998. Son charme typiquement british lui permet d\'autre part de reprendre le rôle de l\'agent John Steed dans la version cinéma de Chapeau melon et bottes de cuir (1998) et d\'incarner l\'amant passionné de Julianne Moore dans La Fin d\'une liaison (1999) de Neil Jordan.  Multipliant les genres, Ralph Fiennes est triplement présent dans la grande fresque épique Sunshine (1999), interprète un schizophrène sur les traces de son passé dans le troublant Spider (2002) de David Cronenberg, incarne tout en nuance le tueur en série de Dragon Rouge (id.) et s\'essaie à la comédie romantique avec Jennifer Lopez dans Coup de foudre à Manhattan (2003). En 2003, il prête main forte à Nick Nolte dans l\'organisation de deux casses pour les besoins de L\'Homme de la Riviera de Neil Jordan. Deux ans plus tard, le comédien britannique se glisse successivement dans la peau de deux Lords, à travers le film d\'animation Wallace et Gromit le mystère du lapin-garou puis Harry Potter et la Coupe de Feu de Mike Newell dans lequel il devient le visage humain du sombre Voldemort. L\'année suivante, sa soeur, Martha Fiennes lui offre un des premiers rôles du drame Chromophobia, grâce auquel il retrouve Kristin Scott Thomas, sa légendaire partenaire du Patient anglais. A l\'aise dans tous les genres, on le retrouve aussi bien dans la comédie dramatique Bons Baisers de Bruges (2008) aux côtés de Colin Farrell ou encore dans le drame The Reader (2009), qu\'à l\'affiche de la superproduction Le Choc des Titans (2010) de Louis Leterrier, dans lequel il joue le rôle du Dieu Hades, aux côtés de Sam Worthington et de Liam Neeson. En parallèle, il continue d\'endosser la cape de Lord Voldemort dans les quatre derniers volets de la saga Harry Potter, réalisés par David Yates de 2007 à 2011. ', '1962-12-22', NULL),
(49, 'Chieko Baisho', 'assets/medias/personnes/Gary_Farmer.jpg', '', '1941-06-29', NULL),
(50, 'Takuya Kimura', 'assets/medias/personnes/Gary_Farmer.jpg', '', '1972-11-13', NULL),
(51, 'Akihiro Miwa', 'assets/medias/personnes/Gary_Farmer.jpg', '', '1935-05-13', NULL),
(52, 'Marion Cotillard', 'assets/medias/personnes/Marion_Cotillard.jpg', 'Fille de comédiens, Marion Cotillard baigne dans l\'atmosphère exaltante des plateaux de théâtre. Dès qu\'on a besoin d\'un bébé ou d\'un enfant pour une pièce, la voici sur les planches, donnant la réplique à sa mère. Après quelques apparitions pour Arnaud Desplechin (Comment je me suis disputé... (ma vie sexuelle) en 1996) et Coline Serreau (La Belle verte), c\'est la série des \"Taxi\" (Taxi en 1998 et Taxi 2 en 2000, puis Taxi 3 en 2003), produite par Luc Besson, qui la révèle au grand public. Suivent deux rôles importants dans Furia d\'Alexandre Aja et Lisa de Pierre Grimblat.   En 2001, Marion Cotillard porte, par sa double prestation, Les Jolies choses de Gilles Paquet-Brenner, une adaptation cinématographique du roman homonyme de Virginie Despentes. Elle y incarne deux sœurs jumelles, la seconde, timide et réservée, étant amenée à vivre la vie de la première, fougueuse et libérée. L\'année suivante, elle donne la réplique à Guillaume Canet, dans la comédie romantique Jeux d\'enfants (2002), le premier long métrage de Yann Samuell, avant de retrouver le comédien, devenu son compagnon, dans Le Dernier vol (2009) de Karim Dridi. Son joli minois devenu incontournable, la belle tente une carrière à l\'international en jouant sous la direction de Tim Burton dans Big fish (2003), avant de décrocher le César de la Meilleure actrice dans un second rôle pour Un long dimanche de fiançailles (2004) de Jean-Pierre Jeunet.   En 2005, Titoff, Vincent Elbaz et José Garcia figurent parmi les comédiens qui succombent à l\'écran au charme de l\'actrice, le premier dans Cavalcade, le second dans la comédie Ma vie en l\'air et le troisième dans le thriller La Boîte noire. Toujours aussi prolifique - elle compte pas moins de cinq films en 2006 parmi lesquels Dikkenek et Fair play - Marion Cotillard retrouve le chemin des studios hollywoodiens en s\'illustrant aux côtés de Russell Crowe dans la comédie romantique de Ridley Scott, Une grande année (2007). Mais c\'est son hallucinante composition de La Môme Piaf qui va la faire entrer dans la légende... Avec en poche un Golden Globe, un BAFTA, un César et un Oscar de la Meilleure actrice, la belle ne tarde pas à enchaîner les productions de prestige comme le film de gangsters Public Enemies (2009) de Michael Mann et la comédie musicale Nine (id.) de Rob Marshall.   En 2010, elle joue de nouveau devant la caméra d\'un des réalisateurs les plus cotés du moment, Christopher Nolan, dans son thriller mystérieux Inception où elle a pour partenaire Leonardo DiCaprio. Elle est également à l\'affiche du troisième long-métrage de Guillaume Canet, Les Petits mouchoirs, avant de jouer sous la férule de Woody Allen dans Minuit à Paris, puis de Steven Soderbergh dans Contagion. En 2012, elle illumine le cinéma français par sa collaboration avec Jacques Audiard dans De rouille et d\'os et retrouve Nolan pour la deuxième fois dans le film le plus attendu de l\'année : The Dark Knight Rises, continuant ainsi d\'alterner productions françaises et productions internationales.   Marion Cotillard est en 2013 à l\'affiche de deux films se déroulant à New York et qui ont un lien avec le prestigieux metteur en scène James Gray : le remake Blood Ties écrit par ce dernier et réalisé par son mari, suivi du sombre The Immigrant où, là encore, sa prestation d\'une immigrée marque les esprits. Elle retourne en France l\'année suivante pour se glisser dans la peau d\'une salariée licenciée dans le drame des frères Dardennes Deux jours, une nuit. Adepte de projets ambitieux, la comédienne succède à Natalie Portman pour jouer l\'épouse du roi Macbeth/Michael Fassbender dans le film du même nom. Elle retrouvera l\'acteur dans la très attendue adaptation du jeu vidéo Assassin\'s Creed. ', '1975-09-30', NULL),
(53, 'Mathias Schoenaertz', 'assets/medias/personnes/Matthias_Schoenaerts.jpg', 'Le Belge Matthias Schoenaerts baigne très tôt dans le milieu théâtral grâce à son père. Il monte sur les planches dès l’âge de 8 ans en sa compagnie, puis joue à ses côtés à 15 ans dans le film Daens. Après être passé par le Conservatoire Royal d’Anvers et le petit écran (\"Patrouille 101\"), le jeune acteur participe à Meisje (2002) et Any Way the Wind Blows (2003), premiers films respectifs des Belges Dorothée Van den Berghe et Tom Barman. Il enchaine les courts métrages puis donne la réplique une dernière fois à son père dans \"Ellktra\" (2005), lequel meurt peu de temps après la sortie du film.   Schoenaerts incarne ensuite la tête d’affiche de \"Dennis van Rita\" en 2006, un jeune homme fraichement libéré de prison après y avoir purgé une peine pour viol, et est ensuite choisi par le metteur en scène de Basic Instinct Paul Verhoeven pour jouer - un petit rôle certes - dans le brillant Black Book, se déroulant aux Pays Bas pendant l’Occupation allemande. Le comédien poursuit en s’affichant dans plusieurs films belges et hollandais, dont Loft où il campe un jeune homme violent et impulsif. Un type de rôle qui devient une constante de sa filmographie.   Mais c’est en 2012 que son talent est brusquement révélé au grand public. Il prête tout d’abord son imposante carrure au personnage principal du polar belge nominé à l’Oscar du Meilleur film étranger Bullhead. Pour ce rôle marquant d’un trafiquant d’hormones meurtri et violent, Matthias Schoenaerts gagne 27 kilos de muscles. Cette intense prestation n’est pas prête d’être oubliée… Tout comme sa suivante, qui lui vaut le César du meilleur espoir masculin : un marginal fauché et passionné de boxe qui se prend d’affection pour Marion Cotillard dans l’émouvant De rouille et d\'os signé Jacques Audiard.   Le comédien prend ensuite la direction des Etats-Unis en compagnie du couple Canet-Cotillard, pour tourner Blood Ties, une version américaine du policier Les Liens du sang (dans lequel Canet tenait l\'un des rôles principaux) où il campe Anthony Scarfo, un braqueur sans scrupules. Trois ans après Bullhead, il retrouve le metteur en scène Michaël R. Roskam dans le film de gangsters The Drop à nouveau par le biais d\'un personnage violent.   Très travailleur et désirant varier ses prestations, Matthias Schoenaerts est en tête d\'affiche en 2015 de trois films d\'époque : Suite Française, Les Jardins du Roi et Loin de la foule déchaînée. Cette même année, il renoue avec les personnages imprévisibles au passé trouble avec Maryland, le nouveau film d\'Alice Winocour présenté à la Croisette. Il y incarne un soldat de retour du combat qui est victime de troubles de stress post-traumatique.', '1977-12-08', NULL),
(54, 'Armand Verdure', 'assets/medias/personnes/Armand_Verdure.jpg', '', '0000-00-00', NULL),
(55, 'Elijah Wood', 'assets/medias/personnes/Anhey_Her.jpg', 'Mannequin à l\'âge de douze ans, Elijah Wood fait sa première apparition à l\'écran dans le clip \"I\'m your girl\" de Paula Abdul. Au cinéma, il débute en jouant de petits rôles dans Retour vers le futur II (1989) de Robert Zemeckis et Affaires privées (1990) de Mike Figgis. Dans les années 90, le jeune comédien partage l\'affiche avec des stars telles que Mel Gibson (Forever young en 1992), Kevin Costner (A chacun sa guerre en 1994), Bruce Willis (L\'Irrésistible North) ou encore Kevin Kline (Ice storm d\'Ang Lee en 1997).   S\'il est titulaire de seconds rôles de luxe, Elijah Wood s\'illustre également en tête d\'affiche. Il domine ainsi les distributions des films familiaux Les Aventures d\'Huckleberry Finn (1993) et Flipper (1996), ainsi que celle du film-catastrophe Deep impact (1998). Il incarne ensuite un élève aux prises avec des extraterrestres dans The Faculty de Robert Rodriguez aux côtés de jeunes acteurs qui débutent comme Jordana Brewster ou Josh Hartnett. Wood retrouvera le cinéaste mexicain des années plus tard pour une apparition mystérieuse et tout en noir et blanc dans Sin City (2007).   C\'est à partir de 2001, avec la trilogie du Seigneur des anneaux de Peter Jackson, que le visage de l\'acteur devient véritablement familier du grand public. Devenu star grâce à son incarnation du hobbit Frodon Sacquet, il choisit ses rôles avec méticulosité. En 2004, il donne la réplique à Jim Carrey dans le Eternal sunshine of the spotless mind de Michel Gondry, rejoint une bande de Hooligans, puis tient la vedette de Tout est illuminé (2005), première réalisation de l\'acteur Liev Schreiber qui le voit incarner un jeune Juif américain sur les traces de son passé.   Wood fait ensuite une courte escale en France dans le film collectif Paris, je t\'aime (2006) et fait partie du casting éclectique du film Bobby qui revient sur l\'assassinat de Robert F. Kennedy. Il s\'essaye au doublage de film animé avec Happy Feet (2006) et sa suite, puis pour Numéro 9 (2009) avant de mener l\'enquête dans les couloirs d\'une célèbre université dans Crimes à Oxford. L\'acteur change ensuite de registre avec la comédie romantique Les Meilleurs amis (2010), où il est accompagné de Katie Holmes et d\'Anna Paquin.   Toujours prêt à tenter de nouvelles aventures, Elijah Wood tourne dans des courts métrages indépendants, mais aussi dans des clips comme pour le groupe de rock \"Danko Jones\". Il fait un détour par la télévision où il double de nombreux personnages de la série d\'animation Robot Chicken avant d\'obtenir le premier rôle de la série comique Wilfred (2011). L\'acteur revient au cinéma avec un film choc, Maniac, remake du slasher culte de 1980 où il interprète un serial-killer psychopathe dont la violence ne connait pas de limites. Un rôle d\'une extrême brutalité pour un original film d\'horreur à l\'esthétique très travaillée.   Privilégiant les thrillers, Elijah Wood campe les rôles principaux de Grand Piano (2013) et Open Windows (2015), tous les deux inédits en France, avant de faire équipe avec le musclé Vin Diesel dans sa lutte contre les sorcières via le blockbuster Le Dernier chasseur de sorcières. ', '1981-01-28', NULL),
(56, 'Sean Astin', 'assets/medias/personnes/Anhey_Her.jpg', 'Sean Astin, fils de John Astin (célèbre pour avoir interprété Gomez dans la série La Famille Adams) et de Clara Astin, elle aussi actrice, a commencé par faire des études d\'arts et de graphismes avant de se lancer à son tour dans une carrière de comédien.    Après quelques rôles dans des séries, il joue dans son premier long-métrage : Les Goonies. En 1989, il joue sous la direction de Danny DeVito dans La Guerre des Rose auprès de Michael Douglas. Il est le jeune Mat dans Memphis Belle de Michael Caton-Jones en 1990 et partage, en 1992, l\'affiche de Where the day takes you avec un autre débutant, Will Smith.    Parallèlement, Astin continue sa carrière à la télévision et agrandit son champ d\'action en réalisant et produisant des épisodes de séries télévisées. En 1998, il est au générique du génial Bulworth de Warren Beatty. Il enchaine l\'année suivante avec Deterrence au bras de Clotilde. En 1999, il s\'exile en Nouvelle-Zélande pour 16 mois pour apparaître dans Le Seigneur des anneaux et ses deux suites, Le Seigneur des anneaux : les deux tours et . Il interprete Sam Gamegie, le plus fidèle amide Frodon (Elijah Wood) et Le Seigneur des anneaux : le retour du roi. ', '1971-02-25', NULL),
(57, 'Ian McKellen', 'assets/medias/personnes/Anhey_Her.jpg', 'C\'est dès son plus jeune âge que la famille de Ian McKellen encourage sa passion pour le théâtre. Son père et son grand-père sont prédicateurs et le jeune Ian baigne dans un environnement profondément ancré dans la religion chrétienne. Toutefois, sa famille pratique une religion dénuée de toute considération dogmatique en érigeant la croyance en tant que système de valeurs. C\'est cette tolérance et cette bonté familiale qui permet à Ian de vivre son homosexualité de façon saine sans mentir à ses proches.  Le comédien fait ses débuts sur la scène durant ses études à Cambridge. En 1961, il décroche son premier rôle professionnel dans la pièce A man for all seasons (Un homme pour l\'éternité). En 1965, Ian intègre la National Theatre Company de Laurence Olivier. Cette passion pour le théâtre lui vaudra de recevoir les plus grandes récompenses dans ce domaine.  Des planches au grand écran, il n\'y a qu\'un pas, que McKellen franchit en 1969 avec A touch of love de Waris Hussein. En parallèle, l\'acteur continue de jouer au théâtre, notamment pour la prestigieuse Royal Shakespeare Company avec laquelle il présente \"Roméo et Juliette\", \"Macbeth\" et \"Othello\". Ces rôles propulsent le Britannique au rang des plus grands acteurs du moment et lui ouvrent grand les portes du septième art.  On le retrouve par la suite dans de nombreux films dont La Forteresse noire (1983), Zina (1985), Walter and June (1986). Mais c\'est en 1988 avec Scandal, réalisé par Michael Caton-Jones, que sa carrière cinématographique prend un tournant décisif. Le comédien, qui a auparavant fait ses preuves sur les planches de Broadway en campant Salieri dans la pièce \"Amadeus\" en 1980 (rôle qui lui vaut un Tony Award), se lance dans une carrière américaine. Par ailleurs, en 1990, l\'acteur est ordonné Chevalier de l\'Ordre de l\'Empire britannique et devient donc Sir Ian McKellen.  Dans les années 90, Ian apparait dans de nombreuses productions américaines comme Six degrés de séparation de Fred Schepisi (1993), s\'empare d\'une faux pour camper la Mort dans Last Action Hero de John McTiernan aux côtés d\'Arnold Schwarzenegger, tourne pour Russell Mulcahy dans The Shadow où il donne la réplique à Alec Baldwin, revêt la couronne de Richard III pour Richard Loncraine en 1996 et joue dans le drame historique Bent (1997) de Sean Mathias aux côtés de Clive Owen, Jude Law et Rachel Weisz. Ce film traite de l\'homosexualité durant la Seconde Guerre Mondiale, thème cher à Ian McKellen.  En 1998, le Britannique débute la seconde partie d\'une carrière qui s\'enrichit de rôles marquants. L\'acteur se glisse dans la peau de l\'ex-officier SS Kurt Dussander dans le thriller de Bryan Singer, Un Élève doué, livrant une prestation angoissante et unanimement saluée. La même année, le comédien tourne le biopic Ni Dieux Ni Démons de Bill Condon. McKellen y interprète le réalisateur James Whale et revient sur la relation de celui-ci avec son jardinier Clayton Boone, campé par Brendan Fraser. Ce rôle lui vaut une nomination aux Oscars.  Fort d\'une notoriété grandissante, Ian McKellen obtient un rôle qui va le propulser au rang de star mondialement connue. Sa deuxième collaboration avec Bryan Singer lui offre ainsi le rôle de Magneto dans l\'adaptation du comic X-Men en 2000. Le Britannique parvient à donner une profondeur et une froideur remarquable au personnage et en fait un \"vilain\" particulièrement marquant. Le succès du film est phénoménal et génère deux suites, X-Men 2 en 2003 et X-Men l\'affrontement final en 2006. McKellen y reprend naturellement son rôle du diabolique Magneto, un mutant pouvant manipuler le métal à sa guise.  Mais c\'est une autre trilogie des années 2000 qui propulse définitivement McKellen au panthéon des plus grands acteurs actuels. Peter Jackson l\'engage en 2001 pour prêter ses traits au magicien Gandalf dans la trilogie du Seigneur des anneaux (2001-2003), adaptation des romans de J.R.R. Tolkien. La saga devient l\'un des plus grands succès critiques et commerciaux de l\'Histoire du cinéma. L\'acteur accède à la reconnaissance ultime en 2008 en étant couronné Companion of Honour de la couronne britannique : la plus haute distinction existante en Angleterre, sorte d\'équivalent de la Légion d\'Honneur française. A noter que Ian McKellen est également passé près d\'une autre saga à succès, Harry Potter. En effet, il a été pressenti pour camper Albus Dumbledore suite au décès de Richard Harris avant que Michael Gambon n\'hérite du rôle.  Dans la deuxième partie des années 2000, le comédien se fait plus rare au cinéma. Il tourne cependant dans Da Vinci Code en 2006, adaptation du roman à succès de Dan Brown. Par la suite, il se contente de prêter sa voix pour des films tels que Souris City (2006), A la croisée des mondes : la boussole d\'or (2007) ou le court métrage E\'gad, Zombies ! (2010), foulant à nouveau les planches du théâtre en jouant \"Le Roi Lear\" (2007) et \"En attendant Godot\" (2009) en compagnie de son complice mutant Patrick Stewart.  En 2009, McKellen fait une incursion télévisuelle en tournant avec Jim Caviezel dans la série Le Prisonnier, remake de la série éponyme avec Patrick McGoohan. Peter Jackson fait encore appel à lui en 2012 pour le coiffer à nouveau du chapeau du magicien Gandalf dans une nouvelle trilogie basée sur Bilbo le Hobbit de J.R.R. Tolkien. ', '1039-05-25', NULL),
(58, 'Michael Clarke Duncan', 'assets/medias/personnes/Michael_Clarke_Duncan.jpg', 'Michael Clarke Duncan suit des études de communication à l\'Alcorn State University du Mississippi et trouve son premier emploi dans une compagnie de gaz de sa ville natale, tout en travaillant occasionnellement comme videur dans diverses boîtes de nuit du quartier sud. C\'est ainsi que ce colosse de 150 kilos fait la connaissance d\'un producteur de théâtre qui l\'engage comme agent de sécurité sur la tournée de la pièce Beauty shop, part 2. Arrivé à Los Angeles, Michael Clarke Duncan signe un contrat avec une petite agence et décroche ses premiers rôles dans des spots télévisés avant de débuter dans la comédie de F. Gary Gray, Friday (1995).  De par son physique imposant, il se retrouve souvent cantonné à des rôles de videur (Bulworth de Warren Beatty), de garde du corps (The Players club de Ice Cube) ou de gros \"nounours\" (Armageddon de Michael Bay). Mais en 2000, Michael Clarke Duncan sort de l\'anonymat : son ami Bruce Willis lui offre la possibilité de décrocher un rôle de gangster dans Mon voisin le tueur, après quoi son personnage de géant injustement condamné à mort dans La Ligne verte émeut les spectateurs, ce qui permet au comédien d\'enfin connaître la notoriété. Cette dernière composition lui vaut d\'ailleurs une citation à l\'Oscar et au Golden Globe ainsi que le titre de Male Star of Tomorrow à la convention Showest 2000, ce qui ne fait que confirmer sa percée à Hollywood.  En 2001, il participe à deux comédies animalières : Spot de John Whitesell et Comme chiens et chats, un film de Lawrence Guterman dans lequel il prête sa voix au chien Sam - il réitérera l\'expérience de l\'interprétation vocale pour Zig-Zag. La même année, il joue dans deux grosses productions américaines : La Planète des singes de Tim Burton, où il interprète un général gorille, et Le Roi Scorpion, où il incarne le Nubien Balthazar aux côtés de The Rock. Surfant sur la vague des adaptations de comics, Michael Clarke Duncan joue ensuite les \"méchants\" de service, qu\'il s\'agisse du Caïd dans Daredevil (2002) ou encore de Manute, le redoutable tortionnaire borgne de Sin City (2005). A cette période, il retrouve également Michael Bay pour The Island, puis change de registre en apparaissant aux castings de plusieurs comédies (Ricky Bobby : roi du circuit, L\' École des dragueurs...) avant de se tourner à nouveau vers des activités de doublage (Frère des ours 2, 5 Toutous Prêts à Tout, Kung Fu Panda).  Peu à peu, on observe un certain ralentissement dans sa carrière, ce qui ne l\'empêche pas pour autant de décrocher en 2008 un petit rôle dans deux des épisodes de la saison 6 de Mon oncle Charlie. Il fait donc une brève incursion dans l\'univers de la télévision avant de retourner sur le grand écran en 2011, avec le blockbuster Green Lantern. L\'année suivante, malgré un rôle récurrent dans la série The Finder et des projets en pagaille (il devait notamment retrouver Robert Rodriguez sur le tournage de Sin City 2), l\'acteur est victime d\'un infarctus dont il ne se remettra pas : il succombe quelques mois plus tard, à l\'âge de 54 ans. ', '1957-12-10', NULL),
(59, 'David Morse', 'assets/medias/personnes/David_Morse.jpg', 'David Morse débute sur les planches en 1971 dans le Boston Repertory Theater, juste après avoir quitté le lycée. Il joue dans une trentaine de pièces avant de s\'installer à New York en 1977. C\'est avec la série Hôpital St Elsewhere, dans laquelle il interprète le docteur Jack Morrisson, qu\'il obtient ses premiers succès, y jouant entre autres aux côtés de Denzel Washington.  Son grand début à l\'écran a lieu au début des années 90. Il joue le frère de Viggo Mortensen dans The Indian runner (1991) de Sean Penn, qu\'il retrouvera cinq ans plus tard avec Crossing Guard. David Morse se spécialise dans les rôles de méchant : il excelle ainsi dans Guet-apens (1993), L\' Armée des 12 singes (1995) ou les thrillers Rock et Au revoir, à jamais (1996).  Après avoir joué le père de Jodie Foster dans Contact, il passe de l\'autre côté de la loi, successivement inspecteur de police dans Négociateur et gardien de prison dans La Ligne verte dans lequel il seconde Tom Hanks. Si David Morse poursuit sa carrière dans des films d\'aventures comme Piégé où L\' Echange, il apparaît aussi en 2000 dans Dancer in the Dark chez Lars von Trier.  Pendant plusieurs années, David Morse disparaît du grand écran, et pour cause : il interprète Mike Olshansky dans la série télévisée Le Justicier de l\'ombre. 2006 marque son retour au cinéma à travers deux films : Down in the valley où il joue le père de Evan Rachel Wood, et 16 blocks qui marque ses retrouvailles avec le cinéma d\'action et les rôles de grand méchant.  C\'est en détective persécuteur qu\'il retourne à la télévision, le temps de quelques épisodes de Dr House. Dans la seconde moitié des années 2000, Morse se spécialise dans le thriller. Il est ainsi surveillé nuit et jour par Shia LaBeouf dans Paranoiak, de D.J. Caruso puis participe à Shanghai, aux côtés de John Cusack. Sa rencontre avec le réalisateur Rodrigo Garcia lui permet de changer de registre le temps de deux films : le mystérieux Les Passagers avec Anne Hathaway, et le drame Mother & Child (2010). Il revient néanmoins à son domaine de prédilection, l\'action, avec Drive Angry, et Nicolas Cage. ', '1953-10-11', NULL),
(60, 'Jean Martin', 'assets/medias/personnes/Anhey_Her.jpg', '', '1922-03-06', NULL),
(61, 'Bee Vang', 'assets/medias/personnes/Bee_Vang.jpg', '', '1991-11-04', NULL),
(62, 'Anhey Her', 'assets/medias/personnes/Anhey_Her.jpg', '', '1992-07-13', NULL),
(63, 'Johnny Depp ', 'assets/medias/personnes/Johnny_Depp.jpeg', ' Fils d\'un ingénieur et d\'une femme de ménage, Johnny Depp se passionne pour la musique en assistant à un spectacle de gospel. Il rejoint alors le groupe The Flame, qui devient The Kids, et fait la première partie de la tournée d\'Iggy Pop. Deux ans plus tard, les musiciens se rendent à Los Angeles, mais la formation ne remporte pas le succès escompté. C\'est à cette période que Depp fait la connaissance de Nicolas Cage, qui lui fait rencontrer son agent. Il obtient ainsi un petit rôle dans Les Griffes de la nuit (1984) de Wes Craven.  Johnny Depp s\'inscrit ensuite au Loft Studio de Los Angeles pour suivre des cours de comédie. Une fois sorti de l\'école, il est enrôlé chez les marines de Platoon, puis connaît la célébrité avec le lancement, en 1987, de la série 21 jump street. Sa carrière lancée, il choisit de rompre avec l\'image véhiculée par la télévision, celle d\'un jeune acteur pour midinettes, en jouant sous la direction de John Waters dans le satirique Cry-baby (1990). A partir de ce film, l\'acteur ne cessera d\'être en marge, incarnant régulièrement des personnages décalés et hors-normes. Toujours en 1990, en interprétant Edward aux mains d\'argent, il entame avec le réalisateur Tim Burton une fructueuse collaboration qui se poursuivra avec Ed Wood (1994), Sleepy hollow, la légende du cavalier sans tête (1999), Charlie et la chocolaterie (2004), Les Noces funèbres (2005), film d\'animation pour lequel il prête sa voix, et la comédie musicale Sweeney Todd (2008).  Prenant quelque peu ses distances vis-à-vis de l\'industrie hollywoodienne, Johnny Depp collabore avec des cinéastes aussi talentueux que Emir Kusturica (Arizona dream, 1992), Lasse Hallström (Gilbert Grape, 1993 ; Le Chocolat, 2001) ou encore Jim Jarmusch (Dead man, 1995). Fort de cette expérience, il passe à la réalisation en 1997 avec The Brave, qui ne remportera pas le succès escompté, et ce malgré la présence au générique de son ami Marlon Brando. De retour devant la caméra, il s\'éloigne des personnages romantiques et poétiques pour jouer les flics infiltrés dans la mafia dans Donnie Brasco (1997), les journalistes déjantés dans Las Vegas parano (1998), les chercheurs de livres rares en proie au fantastique dans La Neuvième porte (1999) ou les trafiquants de drogue dans Blow (2001).  Malgré l\'échec du thriller Intrusion (1999) et l\'abandon du tournage chaotique de L\'Homme qui tua Don Quichotte, film inachevé de Terry Gilliam qui donnera naissance au documentaire Lost in la Mancha (2003), le charismatique Johnny Depp garde la confiance des studios. Prédisposé à interpréter des films à costumes comme From Hell (2002), Neverland (2004) et Rochester, le dernier des libertins (2006), il renoue avec le succès grâce à l\'ultra rentable quadrilogie Pirates des Caraïbes (2003-2011), faisant de l\'incontournable pirate Jack Sparrow l\'un des personnages les plus marquants du cinéma grand public. Malgré ce succès colossal, l\'acteur n\'oublie pas ses amis et joue ainsi les chapeliers fous pour Tim Burton dans Alice au Pays des Merveilles ainsi que l\'une des incarnations de Tony dans L\'Imaginarium du Docteur Parnassus de Terry Gilliam.  Acteur caméléon, il aime changer de registre et apparaît dans le polar Public Enemies de Michael Mann (dans lequel il incarne le célèbre gangster John Dillinger). En 2010, il est manipulé par Angelina Jolie dans le thriller The Tourist, puis prête sa voix, l\'année suivante, au caméléon Rango dans le film de Gore Verbinski, avant de retrouver, toujours en 2011 et treize ans après Las Vegas parano, l\'univers de l\'écrivain Hunter S. Thompson pour le déjanté Rhum Express. Avec le vampire Barnabas de Dark Shadows (2012), Johnny Depp ajoute encore un personnage loufoque et décalé à sa filmographie. Dans ce long métrage, tandis que son personnage découvre le monde des vivants, l\'acteur retrouve son ami Tim Burton pour leur huitième collaboration.  En 2013, l\'année de ses 50 ans, le comédien retrouve une fois de plus Gore Verbinski pour les besoins de l\'atypique western Lone Ranger, une grosse production dont le budget avoisine les 250 millions de dollars mais qui se solde par un gros échec financier. Ses films suivants, Transcendance, Charlie Mortdecai et Strictly Criminal peinent eux aussi à trouver leur public. Depp retrouve ensuite deux personnages qui ont fait des merveilles au box office : Le Chapelier Fou (Alice de l\'autre côté du miroir, 2016) et Jack Sparrow (Pirates des Caraïbes 5, 2017).', '1963-06-09', NULL),
(64, 'Gary Farmer', 'assets/medias/personnes/Gary_Farmer.jpg', '', '1953-06-12', NULL),
(65, 'Lance Henriksen', 'assets/medias/personnes/Lance_Henriksen.jpg', 'Fils de marin, Lance Henriksen passe son enfance à Bornéo, aux Iles Fidji et en Malaisie. Cette jeunesse aventureuse lui rend vite intolérable les contraintes d\'une scolarité traditionnelle. Renvoyé de plusieurs lycées, il part sur les routes à l\'âge de douze ans et, après une adolescence mouvementée, intègre l\'Actor\'s Studio. Il décroche son premier rôle dans la reprise off-Broadway de Three plays of the sea d\'Eugene O\'Neill et enchaîne au milieu des années 70 deux apparitions sous la direction de Sidney Lumet dans Un après-midi de chien (1975) et Network (1976). Une troisième suivra en 1981 avec Le Prince de New York.  Agent de la CIA dans Rencontres du troisième type (1977), officier dans La Malédiction II (1978), astronaute dans L\'Etoffe des héros (1983), inspecteur de police dans Terminator (1984)... son visage buriné ne passe plus inaperçu. En 1986, pour Aliens le retour, James Cameron lui confie le rôle de l\'androïde Bishop, un personnage qui reviendra dans Alien 3 (1992) et Alien vs. Predator (2004) sous une forme dérivée. Habitué au registre fantastique et horrifique, il participe au film de vampires Aux frontières de l\'aube (1987), à The Horror show (1989), Absolom 2022 (1994), Powder (1995) et Scream 3 (2000). Egalement à l\'aise dans les prestations de bad guy, il s\'en prend à Mickey Rourke dans Johnny belle gueule (1989) et à Jean-Claude Van Damme dans Chasse à l\'homme (1993) de John Woo.  Egalement peintre et potier au talent reconnu, Lance Henriksen tente d\'élargir son répertoire en incarnant le fidèle ami d\'Andy Garcia dans le polar Jennifer 8 (1992), l\'un des patients du psychiatre Bruce Willis dans le thriller Color of night (1994), un as de la gâchette dans le western Mort ou vif (1995) et en prêtant sa voix au personnage de Kerchak dans le dessin animé Tarzan (1999). De 1996 à 1999, il est également la vedette de la série Millennium, qui lui vaut trois citations consécutives aux Golden Globes. ', '1940-05-05', NULL),
(66, 'Kate Winslet', 'assets/medias/personnes/Kate_Winslet.jpg', 'Issue d\'une famille de comédiens, Kate Winslet entre dès l\'âge de onze ans à la Redroofs Theater School pour commencer sa formation d\'actrice. Sa carrière débute deux ans plus tard dans un spot publicitaire pour la télévision anglaise.   En 1994, Kate Winslet se révèle au grand public avec le rôle de Juliet Hulme dans Créatures célestes de Peter Jackson. Sa carrière américaine débute quant à elle en 1996 avec deux rôles en costumes dans Jude et Hamlet, où elle incarne Ophélie. On la retrouve ensuite aux côtés de Hugh Grant et Emma Thompson dans Raison et sentiments, réalisé par Ang Lee. En 1997, elle connaît la consécration internationale avec le Titanic de James Cameron, bouleversante histoire d\'amour dans laquelle elle partage l\'affiche avec Leonardo DiCaprio.   Malgré un succès d\'une telle ampleur, elle tourne ensuite dans des productions beaucoup plus modestes, comme Marrakech Express et Holy Smoke, puis renoue avec le film en costumes pour Quills - la plume et le sang.   Comédienne de défis, Kate Winslet aborde le thème de la peine de mort dans La Vie de David Gale, réalisé par Alan Parker, bouleverse les codes de la comédie sentimentale avec Eternal sunshine of the spotless mind, aux côtés de Jim Carrey, avant d\'incarner Sylvia Llewelyn Davies, mère courage des enfants qui inspirèrent au dramaturge J.M. Barrie son Peter Pan, dans Neverland.   Kate Winslet continue de jongler avec des registres différents en tenant le rôle d\'Anne Stanton dans le drame Les Fous du roi et partage l\'affiche avec Cameron Diaz dans la comédie romantique The Holiday. Elle prête ensuite sa voix au film d\'animation Souris City, et elle devient la narratrice du Renard et l\'enfant, pour la version américaine, remplaçante d\'Isabelle Carré en France.   Dans des registres plus sombres et dramatiques, Kate Winslet tient la vedette en 2006 de Little Children de Todd Field, en 2009 des Noces rebelles réalisé par Sam Mendes (son mari), qui marque ses grandes retrouvailles avec Leonardo DiCaprio plus de 10 ans après Titanic, ainsi que de The Reader la même année, où elle joue une femme accusée de crimes nazis pendant la Seconde Guerre mondiale. Sa prestation lui permet d\'obtenir l\'oscar de la meilleure actrice.   Absente des plateaux depuis trois ans, elle fait son retour sous les feux des projecteurs en 2011 puisqu\'elle est à l\'affiche du huis clos Carnages de Roman Polanski ainsi que du film de science fiction Contagion de Steven Soderbergh. Après quoi, la comédienne apparaît au casting du film à sketch My Movie Project puis tient le rôle principal, aux côtés de Josh Brolin, de l\'émouvant Last Days of Summer, la nouvelle réalisation de Jason Reitman.   En 2014, plus de quinze années après le succès de \"Titanic\", Kate Winslet se retrouve à nouveau à l\'affiche d\'un blockbuster puisqu\'elle se glisse dans la peau de l\'antagoniste de la lucrative saga Divergente face à la jeune star du moment Shailene Woodley. Elle retrouve également Alan Rickman qui la dirige dans son nouveau film Les Jardins du Roi, puis prend part au biobic de Steve Jobs mis en scène par Danny Boyle et avec Michael Fassbender dans le rôle-titre. ', '1975-10-05', NULL),
(67, 'Melanie Lynskey', 'assets/medias/personnes/melanie_lynskey.jpg', 'Née en 1977 en Nouvelle-Zélande, Mélanie Lynskey se retrouve rapidement attirée par le cinéma, côté spectateur dans un premier temps, souhaitant devenir critique de films. Mais c\'est un casting précoce qui décide de sa carrière. Alors qu\'elle n\'a que 16 ans, elle obtient l\'un des rôles principaux du film Créatures célestes, réalisé par Peter Jackson, et donne la réplique à une tout aussi jeune Kate Winslet. Le film est un succès critique, et sa performance très remarquée lance définitivement sa carrière.  Après un petit rôle dans Fantômes contre fantômes, toujours de Peter Jackson, elle s\'envole tenter sa chance aux États-Unis où elle joue dans A tout jamais, adaptation du conte de Cendrillon avec Drew Barrymore, ou encore dans le musical Coyote Girls, pour lequel elle doit prendre un accent du New Jersey. Cette expatriation ne l\'empêche pas de revenir dans son pays natal pour tourner le thriller Snakeskin, qui lui offre un nouveau succès critique, et de nouvelles distinctions. Privilégiant la discrétion, elle s\'attarde sur de modestes projets (Say Uncle, Le Carrefour du parc), ou des rôles de second plan, comme dans Fashion victime aux côtés de Reese Witherspoon, et Le Mystificateur avec Hayden Christensen en 2003. Elle devient la même année la voisine délurée de Charlie Sheen dans la série Mon oncle Charlie, rôle qui va la remettre sur le devant de la scène.  De nouveau exposée, elle rejoint des projets d\'envergure, tels que Mémoires de nos pères en 2006, premier film du diptyque sur la Seconde Guerre Mondiale réalisé par Clint Eastwood. Après un nouveau passage par la case \"indé\" (Show of Hands, A Quiet Little Marriage), elle connaît avec 2009 une année faste, en jouant pour Sam Mendes (Away We Go), et en incarnant la moitié de Matt Damon dans The Informant !, puis d\'Edward Norton dans Escroc(s) en herbe. Pour finir, elle tient le rôle de la petite sœur de George Clooney dans le très récompensé In the Air de Jason Reitman. L\'actrice oscille ainsi entre les très petites productions et des films plus fortunés, et donne la réplique à Paul Giamatti dans Les Winners, avant de retrouver Steve Carell et Keira Knightley pour l\'original Jusqu\'à ce que la fin du monde nous sépare, en 2012. Fonctionnant décidément plus au coup de cœur qu\'au plan de carrière calculé, Mélanie Lynskey poursuit son petit bonhomme de chemin en tant que solide second rôle, et soutien prestigieux de films modestes.', '1977-05-16', NULL),
(68, 'Sarah Peirse', 'assets/medias/personnes/Sarah_Peirse.jpg', '', '0000-00-00', NULL),
(69, 'Brigitte Lin Ching-hsia', 'assets/medias/personnes/Brigitte_Lin_Ching_hsia.jpg', '', '1954-11-03', NULL);
INSERT INTO `personnes` (`id`, `nom_personne`, `portrait`, `biographie`, `birth_date`, `death`) VALUES
(70, 'Tony Leung', 'assets/medias/personnes/Tony-leung.jpg', 'Tony Leung débute sa carrière d\'acteur à la TVB (Television Broadcast Limited), chaîne de Hong Kong pour laquelle il joue dans de nombreux téléfilms au début des années 80 et présente même une émission pour enfants. Après quelques longs métrages confidentiels, il se fait remarquer en 1986 aux cotés de Chow Yun-Fat dans Love unto waste de Stanley Kwan, puis dans Seven warriors de Samo Hung en 1989.  La même année, Tony Leung quitte Hong Kong direction Taïwan pour tourner La Cite des douleurs réalisé par Hou Hsiao Hsien, Lion d\'or au Festival de Venise. Sa remarquable performance amène l\'acteur à travailler avec les plus grands metteurs en scène de Hong Kong, dont Tsui Hark pour Histoire de fantômes chinois 3 (1991). Parmi ses collaborations les plus marquantes, celle avec John Woo, alors à l\'apogée de ses films d\'action, pour Une balle dans la tête en 1990 et A toute épreuve en 1992 où Tony excelle dans la peau d\'un flic schizophrène.  C\'est cependant avec Wong Kar-Wai que Tony Leung assure sa plus longue et fructueuse coopération, celle qui lui vaut la reconnaissance internationale. Entamée en 1991 avec Nos années sauvages, la relation entre les deux hommes se poursuit avec Les Cendres du temps (1994), Chungking Express (1994), Happy Together (1997) et In the Mood for Love qui vaut à Tony Leung le Prix d\'interprétation masculin du Festival de Cannes 2000. Entre temps, Tony Leung devient poète dans Cyclo de Tran Anh Hung (1995), coproduction franco-vietnamienne.  En 2003, le comédien affronte Jet Li en faisant partie de la prestigieuse affiche de Hero, grande fresque de Zhang Yimou, qui lui permet de retrouver le maniement de l\'épée neuf ans après Les Cendres du temps ; le comédien donne la réplique une nouvelle fois à Maggie Cheung, déjà sa partenaire à cinq reprises chez Wong Kar-Wai. Quelques mois plus tard, le trio se reforme pour le futuriste 2046, suite directe d\'\"In the mood for love\".  A l\'aise dans tous les domaines, Tony fait montre d\'une aisance admirable dans la comédie. Ainsi, il tourne aux côtés de Jackie Chan dans la comédie d\'action Jackie Chan à Hong Kong en 1999. Cette fois, l\'acteur ne prend pas part au combat mais se distingue dans le rôle farfelu d\'un ami gay de l\'héroïne du film, Qi Shu.  En 2004, Tony Leung campe Yan, flic infiltré dans la triade de Hong-Kong dans Infernal affairs d\'Alan Mak et Wai Keung Lau. Le long métrage connaît un énorme succès en Chine et à l\'international au point de se faire remarquer par Martin Scorsese himself. Le natif de Little Italy en dirige le remake en 2006 avec Leonardo DiCaprio dans le rôle tenu par Tony. L\'acteur chinois interprète une nouvelle fois Yan dans Infernal affairs III sorti en 2007. A noter que le comédien est également chanteur et qu\'il a lui-même interprété le thème de \"Infernal Affairs\" avec son partenaire du film, Andy Lau.  La même année, Leung est engagé par Ang Lee pour le sulfureux thriller, Lust, Caution. Tony prête ses traits à M. Yee, chef de la collaboration avec les Japonais dans la Chine occupée des années 40. L\'oeuvre reçoit le Lion d\'Or au Festival de Venise. Il enchaîne en 2009 en retrouvant John Woo pour la fresque historique Les 3 royaumes, film d\'époque à gros budget. L\'acteur remplace au pied levé Chow Yun-Fat, initialement impliqué sur le projet.  En 2013, la star chinoise retrouve pour la septième fois Wong Kar-Wai ! Tony campe le premier rôle de The Grandmaster, film d\'arts martiaux mettant en scène le personnage d\'Ip Man, ancien maître d\'un certain Bruce Lee. Ip Man est ultra-populaire dans l\'Empire du Milieu et Tony Leung lui prête ses traits après Donnie Yen dans les récents Ip Man et Ip Man 2. Considéré comme un des meilleurs acteurs actuels, Tony Leung est notamment très admiré par Robert De Niro, qui voit en Tony un Clark Gable chinois. ', '1962-06-27', NULL),
(71, 'Faye Wong', 'assets/medias/personnes/Faye_Wong.jpg', '', '1969-08-08', NULL),
(72, 'George O\'Brian', 'assets/medias/personnes/Gary_Farmer.jpg', '', '1899-04-19', NULL),
(73, 'Janet Gaynor', 'assets/medias/personnes/Gary_Farmer.jpg', '', '1906-10-06', NULL),
(74, 'Margaret Livingstone', 'assets/medias/personnes/Gary_Farmer.jpg', '', '1950-04-03', NULL),
(75, 'Pascal Mazzotti', 'assets/medias/personnes/Pascal-Mazzotti.jpg', '', '1923-12-16', NULL),
(76, 'Agnès Viala', 'assets/medias/personnes/Gary_Farmer.jpg', '', '0000-00-00', NULL);

--
-- Index pour les tables déchargées
--

--
-- Index pour la table `films`
--
ALTER TABLE `films`
  ADD PRIMARY KEY (`id`);

--
-- Index pour la table `fonction`
--
ALTER TABLE `fonction`
  ADD PRIMARY KEY (`id`);

--
-- Index pour la table `genres`
--
ALTER TABLE `genres`
  ADD PRIMARY KEY (`id`);

--
-- Index pour la table `liaison_film_genre`
--
ALTER TABLE `liaison_film_genre`
  ADD PRIMARY KEY (`id`);

--
-- Index pour la table `liaison_film_personne_fonction`
--
ALTER TABLE `liaison_film_personne_fonction`
  ADD PRIMARY KEY (`id`);

--
-- Index pour la table `liaison_personne_nationalite`
--
ALTER TABLE `liaison_personne_nationalite`
  ADD PRIMARY KEY (`id`);

--
-- Index pour la table `personnes`
--
ALTER TABLE `personnes`
  ADD PRIMARY KEY (`id`);

--
-- AUTO_INCREMENT pour les tables déchargées
--

--
-- AUTO_INCREMENT pour la table `fonction`
--
ALTER TABLE `fonction`
  MODIFY `id` int(11) NOT NULL AUTO_INCREMENT, AUTO_INCREMENT=3;

--
-- AUTO_INCREMENT pour la table `genres`
--
ALTER TABLE `genres`
  MODIFY `id` int(2) NOT NULL AUTO_INCREMENT, AUTO_INCREMENT=40;

--
-- AUTO_INCREMENT pour la table `liaison_film_genre`
--
ALTER TABLE `liaison_film_genre`
  MODIFY `id` int(11) NOT NULL AUTO_INCREMENT, AUTO_INCREMENT=46;

--
-- AUTO_INCREMENT pour la table `liaison_film_personne_fonction`
--
ALTER TABLE `liaison_film_personne_fonction`
  MODIFY `id` int(11) NOT NULL AUTO_INCREMENT, AUTO_INCREMENT=82;

--
-- AUTO_INCREMENT pour la table `liaison_personne_nationalite`
--
ALTER TABLE `liaison_personne_nationalite`
  MODIFY `id` int(255) NOT NULL AUTO_INCREMENT, AUTO_INCREMENT=121;

--
-- AUTO_INCREMENT pour la table `personnes`
--
ALTER TABLE `personnes`
  MODIFY `id` int(2) NOT NULL AUTO_INCREMENT, AUTO_INCREMENT=77;
COMMIT;

/*!40101 SET CHARACTER_SET_CLIENT=@OLD_CHARACTER_SET_CLIENT */;
/*!40101 SET CHARACTER_SET_RESULTS=@OLD_CHARACTER_SET_RESULTS */;
/*!40101 SET COLLATION_CONNECTION=@OLD_COLLATION_CONNECTION */;
